2017-04-09T12:17:06.464160,Wtbdws gifted Deboah a gift of type gift_utility worth 5
2017-04-09T12:17:06.464298,Wtbdws gifted Deboah a gift of type gift_utility worth 5
2017-04-09T12:17:06.464394,Wtbdws gifted Deboah a gift of type gift_utility worth 5
2017-04-09T12:17:06.464489,Wtbdws gifted Deboah a gift of type gift_essential worth 6
2017-04-09T12:17:06.464584,Wtbdws gifted Deboah a gift of type gift_utility worth 8
2017-04-09T12:17:06.464678,Wtbdws gifted Deboah a gift of type gift_utility worth 8
2017-04-09T12:17:06.464772,Wtbdws gifted Deboah a gift of type gift_utility worth 8
2017-04-09T12:17:06.464865,Wtbdws gifted Deboah a gift of type gift_essential worth 9
2017-04-09T12:17:06.464958,Wtbdws gifted Deboah a gift of type gift_essential worth 9
2017-04-09T12:17:06.465052,Wtbdws gifted Deboah a gift of type gift_essential worth 9
2017-04-09T12:17:06.465145,Wtbdws gifted Deboah a gift of type gift_utility worth 10
2017-04-09T12:17:06.465248,*****************
2017-04-09T12:17:06.465571,Znzvha gifted Urdzbd a gift of type gift_utility worth 5
2017-04-09T12:17:06.465675,Znzvha gifted Urdzbd a gift of type gift_utility worth 5
2017-04-09T12:17:06.465771,Znzvha gifted Urdzbd a gift of type gift_utility worth 5
2017-04-09T12:17:06.465866,Znzvha gifted Urdzbd a gift of type gift_essential worth 6
2017-04-09T12:17:06.465972,*****************
2017-04-09T12:17:06.466232,Tqypgc gifted Gpptre a gift of type gift_luxury worth 40
2017-04-09T12:17:06.466342,Tqypgc gifted Gpptre a gift of type gift_utility worth 5
2017-04-09T12:17:06.466431,*****************
2017-04-09T12:17:06.466687,Imsdes gifted Eezgjl a gift of type gift_utility worth 5
2017-04-09T12:17:06.466783,Imsdes gifted Eezgjl a gift of type gift_utility worth 5
2017-04-09T12:17:06.466872,*****************
2017-04-09T12:17:06.467133,Gacpyr gifted Ttzskc a gift of type gift_utility worth 5
2017-04-09T12:17:06.467228,Gacpyr gifted Ttzskc a gift of type gift_utility worth 5
2017-04-09T12:17:06.467323,Gacpyr gifted Ttzskc a gift of type gift_utility worth 5
2017-04-09T12:17:06.467418,Gacpyr gifted Ttzskc a gift of type gift_essential worth 6
2017-04-09T12:17:06.467513,Gacpyr gifted Ttzskc a gift of type gift_utility worth 8
2017-04-09T12:17:06.467608,Gacpyr gifted Ttzskc a gift of type gift_utility worth 8
2017-04-09T12:17:06.467696,*****************
2017-04-09T12:17:06.468035,Icevkh gifted Ewnumf a gift of type gift_luxury worth 21
2017-04-09T12:17:06.468138,*****************
2017-04-09T12:17:06.468441,Tqhsbr gifted Qhpcnm a gift of type gift_utility worth 5
2017-04-09T12:17:06.468541,Tqhsbr gifted Qhpcnm a gift of type gift_utility worth 5
2017-04-09T12:17:06.468655,Tqhsbr gifted Qhpcnm a gift of type gift_utility worth 5
2017-04-09T12:17:06.468770,Tqhsbr gifted Qhpcnm a gift of type gift_essential worth 6
2017-04-09T12:17:06.469173,Tqhsbr gifted Qhpcnm a gift of type gift_utility worth 8
2017-04-09T12:17:06.469252,Tqhsbr gifted Qhpcnm a gift of type gift_utility worth 8
2017-04-09T12:17:06.469359,Tqhsbr gifted Qhpcnm a gift of type gift_utility worth 8
2017-04-09T12:17:06.469560,Tqhsbr gifted Qhpcnm a gift of type gift_essential worth 9
2017-04-09T12:17:06.469673,Tqhsbr gifted Qhpcnm a gift of type gift_essential worth 9
2017-04-09T12:17:06.469785,Tqhsbr gifted Qhpcnm a gift of type gift_essential worth 9
2017-04-09T12:17:06.469905,*****************
2017-04-09T12:17:06.470232,Exunqu gifted Nedyzf a gift of type gift_utility worth 5
2017-04-09T12:17:06.470310,Exunqu gifted Nedyzf a gift of type gift_utility worth 5
2017-04-09T12:17:06.470386,Exunqu gifted Nedyzf a gift of type gift_utility worth 5
2017-04-09T12:17:06.470454,*****************
2017-04-09T12:30:12.208267,Wtbdws gifted Deboah a gift of type gift_utility worth 5
2017-04-09T12:30:12.208406,Wtbdws gifted Deboah a gift of type gift_utility worth 5
2017-04-09T12:30:12.208492,Wtbdws gifted Deboah a gift of type gift_utility worth 5
2017-04-09T12:30:12.208568,Wtbdws gifted Deboah a gift of type gift_essential worth 6
2017-04-09T12:30:12.208640,Wtbdws gifted Deboah a gift of type gift_utility worth 8
2017-04-09T12:30:12.208729,Wtbdws gifted Deboah a gift of type gift_utility worth 8
2017-04-09T12:30:12.208803,Wtbdws gifted Deboah a gift of type gift_utility worth 8
2017-04-09T12:30:12.208876,Wtbdws gifted Deboah a gift of type gift_essential worth 9
2017-04-09T12:30:12.208949,Wtbdws gifted Deboah a gift of type gift_essential worth 9
2017-04-09T12:30:12.209022,Wtbdws gifted Deboah a gift of type gift_essential worth 9
2017-04-09T12:30:12.209095,Wtbdws gifted Deboah a gift of type gift_utility worth 10
2017-04-09T12:30:12.209177,*****************
2017-04-09T12:30:12.209455,Znzvha gifted Urdzbd a gift of type gift_utility worth 5
2017-04-09T12:30:12.209532,Znzvha gifted Urdzbd a gift of type gift_utility worth 5
2017-04-09T12:30:12.209606,Znzvha gifted Urdzbd a gift of type gift_utility worth 5
2017-04-09T12:30:12.209678,Znzvha gifted Urdzbd a gift of type gift_essential worth 6
2017-04-09T12:30:12.209762,*****************
2017-04-09T12:30:12.209978,Tqypgc gifted Gpptre a gift of type gift_luxury worth 40
2017-04-09T12:30:12.210065,Tqypgc gifted Gpptre a gift of type gift_utility worth 5
2017-04-09T12:30:12.210136,*****************
2017-04-09T12:30:12.210353,Imsdes gifted Eezgjl a gift of type gift_utility worth 5
2017-04-09T12:30:12.210428,Imsdes gifted Eezgjl a gift of type gift_utility worth 5
2017-04-09T12:30:12.210497,*****************
2017-04-09T12:30:12.210714,Gacpyr gifted Ttzskc a gift of type gift_utility worth 5
2017-04-09T12:30:12.210788,Gacpyr gifted Ttzskc a gift of type gift_utility worth 5
2017-04-09T12:30:12.210861,Gacpyr gifted Ttzskc a gift of type gift_utility worth 5
2017-04-09T12:30:12.210935,Gacpyr gifted Ttzskc a gift of type gift_essential worth 6
2017-04-09T12:30:12.211009,Gacpyr gifted Ttzskc a gift of type gift_utility worth 8
2017-04-09T12:30:12.211093,Gacpyr gifted Ttzskc a gift of type gift_utility worth 8
2017-04-09T12:30:12.211192,*****************
2017-04-09T12:30:12.211591,Icevkh gifted Ewnumf a gift of type gift_luxury worth 21
2017-04-09T12:30:12.211716,*****************
2017-04-09T12:30:12.211995,Tqhsbr gifted Qhpcnm a gift of type gift_utility worth 5
2017-04-09T12:30:12.212073,Tqhsbr gifted Qhpcnm a gift of type gift_utility worth 5
2017-04-09T12:30:12.212149,Tqhsbr gifted Qhpcnm a gift of type gift_utility worth 5
2017-04-09T12:30:12.212225,Tqhsbr gifted Qhpcnm a gift of type gift_essential worth 6
2017-04-09T12:30:12.212327,Tqhsbr gifted Qhpcnm a gift of type gift_utility worth 8
2017-04-09T12:30:12.212439,Tqhsbr gifted Qhpcnm a gift of type gift_utility worth 8
2017-04-09T12:30:12.212539,Tqhsbr gifted Qhpcnm a gift of type gift_utility worth 8
2017-04-09T12:30:12.212618,Tqhsbr gifted Qhpcnm a gift of type gift_essential worth 9
2017-04-09T12:30:12.212704,Tqhsbr gifted Qhpcnm a gift of type gift_essential worth 9
2017-04-09T12:30:12.212809,Tqhsbr gifted Qhpcnm a gift of type gift_essential worth 9
2017-04-09T12:30:12.212935,*****************
2017-04-09T12:30:12.213402,Exunqu gifted Nedyzf a gift of type gift_utility worth 5
2017-04-09T12:30:12.213490,Exunqu gifted Nedyzf a gift of type gift_utility worth 5
2017-04-09T12:30:12.213564,Exunqu gifted Nedyzf a gift of type gift_utility worth 5
2017-04-09T12:30:12.213632,*****************
2017-04-09T14:02:40.348628,Wtbdws gifted Deboah a gift of type gift_utility worth 5
2017-04-09T14:02:40.348763,Wtbdws gifted Deboah a gift of type gift_utility worth 5
2017-04-09T14:02:40.348851,Wtbdws gifted Deboah a gift of type gift_utility worth 5
2017-04-09T14:02:40.348928,Wtbdws gifted Deboah a gift of type gift_essential worth 6
2017-04-09T14:02:40.349004,Wtbdws gifted Deboah a gift of type gift_utility worth 8
2017-04-09T14:02:40.349080,Wtbdws gifted Deboah a gift of type gift_utility worth 8
2017-04-09T14:02:40.349154,Wtbdws gifted Deboah a gift of type gift_utility worth 8
2017-04-09T14:02:40.349228,Wtbdws gifted Deboah a gift of type gift_essential worth 9
2017-04-09T14:02:40.349323,Wtbdws gifted Deboah a gift of type gift_essential worth 9
2017-04-09T14:02:40.349401,Wtbdws gifted Deboah a gift of type gift_essential worth 9
2017-04-09T14:02:40.349490,Wtbdws gifted Deboah a gift of type gift_utility worth 10
2017-04-09T14:02:40.349573,*****************
2017-04-09T14:02:40.360021,Znzvha gifted Urdzbd a gift of type gift_utility worth 5
2017-04-09T14:02:40.360159,Znzvha gifted Urdzbd a gift of type gift_utility worth 5
2017-04-09T14:02:40.360270,Znzvha gifted Urdzbd a gift of type gift_utility worth 5
2017-04-09T14:02:40.360391,Znzvha gifted Urdzbd a gift of type gift_essential worth 6
2017-04-09T14:02:40.360507,*****************
2017-04-09T14:02:40.360748,Tqypgc gifted Gpptre a gift of type gift_luxury worth 40
2017-04-09T14:02:40.360840,Tqypgc gifted Gpptre a gift of type gift_utility worth 5
2017-04-09T14:02:40.360910,*****************
2017-04-09T14:02:40.361125,Imsdes gifted Eezgjl a gift of type gift_utility worth 5
2017-04-09T14:02:40.361201,Imsdes gifted Eezgjl a gift of type gift_utility worth 5
2017-04-09T14:02:40.361271,*****************
2017-04-09T14:02:40.361534,Gacpyr gifted Ttzskc a gift of type gift_utility worth 5
2017-04-09T14:02:40.361611,Gacpyr gifted Ttzskc a gift of type gift_utility worth 5
2017-04-09T14:02:40.361685,Gacpyr gifted Ttzskc a gift of type gift_utility worth 5
2017-04-09T14:02:40.361772,Gacpyr gifted Ttzskc a gift of type gift_essential worth 6
2017-04-09T14:02:40.361850,Gacpyr gifted Ttzskc a gift of type gift_utility worth 8
2017-04-09T14:02:40.361926,Gacpyr gifted Ttzskc a gift of type gift_utility worth 8
2017-04-09T14:02:40.361996,*****************
2017-04-09T14:02:40.362318,Icevkh gifted Ewnumf a gift of type gift_luxury worth 21
2017-04-09T14:02:40.362404,*****************
2017-04-09T14:02:40.362627,Tqhsbr gifted Qhpcnm a gift of type gift_utility worth 5
2017-04-09T14:02:40.362703,Tqhsbr gifted Qhpcnm a gift of type gift_utility worth 5
2017-04-09T14:02:40.362778,Tqhsbr gifted Qhpcnm a gift of type gift_utility worth 5
2017-04-09T14:02:40.362855,Tqhsbr gifted Qhpcnm a gift of type gift_essential worth 6
2017-04-09T14:02:40.362931,Tqhsbr gifted Qhpcnm a gift of type gift_utility worth 8
2017-04-09T14:02:40.363007,Tqhsbr gifted Qhpcnm a gift of type gift_utility worth 8
2017-04-09T14:02:40.363083,Tqhsbr gifted Qhpcnm a gift of type gift_utility worth 8
2017-04-09T14:02:40.363178,Tqhsbr gifted Qhpcnm a gift of type gift_essential worth 9
2017-04-09T14:02:40.363256,Tqhsbr gifted Qhpcnm a gift of type gift_essential worth 9
2017-04-09T14:02:40.363332,Tqhsbr gifted Qhpcnm a gift of type gift_essential worth 9
2017-04-09T14:02:40.363418,*****************
2017-04-09T14:02:40.363767,Exunqu gifted Nedyzf a gift of type gift_utility worth 5
2017-04-09T14:02:40.363848,Exunqu gifted Nedyzf a gift of type gift_utility worth 5
2017-04-09T14:02:40.363923,Exunqu gifted Nedyzf a gift of type gift_utility worth 5
2017-04-09T14:02:40.363992,*****************
2017-04-09T14:04:27.640255,Wtbdws gifted Deboah a gift of type gift_utility worth 5
2017-04-09T14:04:27.640390,Wtbdws gifted Deboah a gift of type gift_utility worth 5
2017-04-09T14:04:27.640501,Wtbdws gifted Deboah a gift of type gift_utility worth 5
2017-04-09T14:04:27.640598,Wtbdws gifted Deboah a gift of type gift_essential worth 6
2017-04-09T14:04:27.640696,Wtbdws gifted Deboah a gift of type gift_utility worth 8
2017-04-09T14:04:27.640793,Wtbdws gifted Deboah a gift of type gift_utility worth 8
2017-04-09T14:04:27.640891,Wtbdws gifted Deboah a gift of type gift_utility worth 8
2017-04-09T14:04:27.640989,Wtbdws gifted Deboah a gift of type gift_essential worth 9
2017-04-09T14:04:27.641085,Wtbdws gifted Deboah a gift of type gift_essential worth 9
2017-04-09T14:04:27.641180,Wtbdws gifted Deboah a gift of type gift_essential worth 9
2017-04-09T14:04:27.641275,Wtbdws gifted Deboah a gift of type gift_utility worth 10
2017-04-09T14:04:27.641396,*****************
2017-04-09T14:04:27.641679,Znzvha gifted Urdzbd a gift of type gift_utility worth 5
2017-04-09T14:04:27.641774,Znzvha gifted Urdzbd a gift of type gift_utility worth 5
2017-04-09T14:04:27.641869,Znzvha gifted Urdzbd a gift of type gift_utility worth 5
2017-04-09T14:04:27.641993,Znzvha gifted Urdzbd a gift of type gift_essential worth 6
2017-04-09T14:04:27.642102,*****************
2017-04-09T14:04:27.642365,Tqypgc gifted Gpptre a gift of type gift_luxury worth 40
2017-04-09T14:04:27.642475,Tqypgc gifted Gpptre a gift of type gift_utility worth 5
2017-04-09T14:04:27.642564,*****************
2017-04-09T14:04:27.642823,Imsdes gifted Eezgjl a gift of type gift_utility worth 5
2017-04-09T14:04:27.642919,Imsdes gifted Eezgjl a gift of type gift_utility worth 5
2017-04-09T14:04:27.643008,*****************
2017-04-09T14:04:27.643270,Gacpyr gifted Ttzskc a gift of type gift_utility worth 5
2017-04-09T14:04:27.643365,Gacpyr gifted Ttzskc a gift of type gift_utility worth 5
2017-04-09T14:04:27.643460,Gacpyr gifted Ttzskc a gift of type gift_utility worth 5
2017-04-09T14:04:27.643555,Gacpyr gifted Ttzskc a gift of type gift_essential worth 6
2017-04-09T14:04:27.643650,Gacpyr gifted Ttzskc a gift of type gift_utility worth 8
2017-04-09T14:04:27.643745,Gacpyr gifted Ttzskc a gift of type gift_utility worth 8
2017-04-09T14:04:27.643834,*****************
2017-04-09T14:04:27.644175,Icevkh gifted Ewnumf a gift of type gift_luxury worth 21
2017-04-09T14:04:27.644277,*****************
2017-04-09T14:04:27.644538,Tqhsbr gifted Qhpcnm a gift of type gift_utility worth 5
2017-04-09T14:04:27.644633,Tqhsbr gifted Qhpcnm a gift of type gift_utility worth 5
2017-04-09T14:04:27.644729,Tqhsbr gifted Qhpcnm a gift of type gift_utility worth 5
2017-04-09T14:04:27.644824,Tqhsbr gifted Qhpcnm a gift of type gift_essential worth 6
2017-04-09T14:04:27.644919,Tqhsbr gifted Qhpcnm a gift of type gift_utility worth 8
2017-04-09T14:04:27.645015,Tqhsbr gifted Qhpcnm a gift of type gift_utility worth 8
2017-04-09T14:04:27.645109,Tqhsbr gifted Qhpcnm a gift of type gift_utility worth 8
2017-04-09T14:04:27.645204,Tqhsbr gifted Qhpcnm a gift of type gift_essential worth 9
2017-04-09T14:04:27.645307,Tqhsbr gifted Qhpcnm a gift of type gift_essential worth 9
2017-04-09T14:04:27.645403,Tqhsbr gifted Qhpcnm a gift of type gift_essential worth 9
2017-04-09T14:04:27.645507,*****************
2017-04-09T14:04:27.645841,Exunqu gifted Nedyzf a gift of type gift_utility worth 5
2017-04-09T14:04:27.645936,Exunqu gifted Nedyzf a gift of type gift_utility worth 5
2017-04-09T14:04:27.646030,Exunqu gifted Nedyzf a gift of type gift_utility worth 5
2017-04-09T14:04:27.646118,*****************
2017-04-09T14:04:41.741829,Wtbdws gifted Deboah a gift of type gift_utility worth 5
2017-04-09T14:04:41.741986,Wtbdws gifted Deboah a gift of type gift_utility worth 5
2017-04-09T14:04:41.742104,Wtbdws gifted Deboah a gift of type gift_utility worth 5
2017-04-09T14:04:41.742203,Wtbdws gifted Deboah a gift of type gift_essential worth 6
2017-04-09T14:04:41.742299,Wtbdws gifted Deboah a gift of type gift_utility worth 8
2017-04-09T14:04:41.742395,Wtbdws gifted Deboah a gift of type gift_utility worth 8
2017-04-09T14:04:41.742489,Wtbdws gifted Deboah a gift of type gift_utility worth 8
2017-04-09T14:04:41.742583,Wtbdws gifted Deboah a gift of type gift_essential worth 9
2017-04-09T14:04:41.742677,Wtbdws gifted Deboah a gift of type gift_essential worth 9
2017-04-09T14:04:41.742771,Wtbdws gifted Deboah a gift of type gift_essential worth 9
2017-04-09T14:04:41.742865,Wtbdws gifted Deboah a gift of type gift_utility worth 10
2017-04-09T14:04:41.742969,*****************
2017-04-09T14:04:41.743250,Znzvha gifted Urdzbd a gift of type gift_utility worth 5
2017-04-09T14:04:41.743344,Znzvha gifted Urdzbd a gift of type gift_utility worth 5
2017-04-09T14:04:41.743438,Znzvha gifted Urdzbd a gift of type gift_utility worth 5
2017-04-09T14:04:41.743532,Znzvha gifted Urdzbd a gift of type gift_essential worth 6
2017-04-09T14:04:41.743637,*****************
2017-04-09T14:04:41.743900,Tqypgc gifted Gpptre a gift of type gift_luxury worth 40
2017-04-09T14:04:41.744008,Tqypgc gifted Gpptre a gift of type gift_utility worth 5
2017-04-09T14:04:41.744097,*****************
2017-04-09T14:04:41.744377,Imsdes gifted Eezgjl a gift of type gift_utility worth 5
2017-04-09T14:04:41.744471,Imsdes gifted Eezgjl a gift of type gift_utility worth 5
2017-04-09T14:04:41.744559,*****************
2017-04-09T14:04:41.744820,Gacpyr gifted Ttzskc a gift of type gift_utility worth 5
2017-04-09T14:04:41.744915,Gacpyr gifted Ttzskc a gift of type gift_utility worth 5
2017-04-09T14:04:41.745008,Gacpyr gifted Ttzskc a gift of type gift_utility worth 5
2017-04-09T14:04:41.745101,Gacpyr gifted Ttzskc a gift of type gift_essential worth 6
2017-04-09T14:04:41.745195,Gacpyr gifted Ttzskc a gift of type gift_utility worth 8
2017-04-09T14:04:41.745304,Gacpyr gifted Ttzskc a gift of type gift_utility worth 8
2017-04-09T14:04:41.745394,*****************
2017-04-09T14:04:41.745735,Icevkh gifted Ewnumf a gift of type gift_luxury worth 21
2017-04-09T14:04:41.745836,*****************
2017-04-09T14:04:41.746094,Tqhsbr gifted Qhpcnm a gift of type gift_utility worth 5
2017-04-09T14:04:41.746187,Tqhsbr gifted Qhpcnm a gift of type gift_utility worth 5
2017-04-09T14:04:41.746280,Tqhsbr gifted Qhpcnm a gift of type gift_utility worth 5
2017-04-09T14:04:41.746373,Tqhsbr gifted Qhpcnm a gift of type gift_essential worth 6
2017-04-09T14:04:41.746467,Tqhsbr gifted Qhpcnm a gift of type gift_utility worth 8
2017-04-09T14:04:41.746561,Tqhsbr gifted Qhpcnm a gift of type gift_utility worth 8
2017-04-09T14:04:41.746654,Tqhsbr gifted Qhpcnm a gift of type gift_utility worth 8
2017-04-09T14:04:41.746747,Tqhsbr gifted Qhpcnm a gift of type gift_essential worth 9
2017-04-09T14:04:41.746840,Tqhsbr gifted Qhpcnm a gift of type gift_essential worth 9
2017-04-09T14:04:41.746933,Tqhsbr gifted Qhpcnm a gift of type gift_essential worth 9
2017-04-09T14:04:41.747035,*****************
2017-04-09T14:04:41.747403,Exunqu gifted Nedyzf a gift of type gift_utility worth 5
2017-04-09T14:04:41.747496,Exunqu gifted Nedyzf a gift of type gift_utility worth 5
2017-04-09T14:04:41.747589,Exunqu gifted Nedyzf a gift of type gift_utility worth 5
2017-04-09T14:04:41.747676,*****************
2017-04-09T14:05:12.308223,Wtbdws gifted Deboah a gift of type gift_utility worth 5
2017-04-09T14:05:12.308364,Wtbdws gifted Deboah a gift of type gift_utility worth 5
2017-04-09T14:05:12.308467,Wtbdws gifted Deboah a gift of type gift_utility worth 5
2017-04-09T14:05:12.308565,Wtbdws gifted Deboah a gift of type gift_essential worth 6
2017-04-09T14:05:12.308663,Wtbdws gifted Deboah a gift of type gift_utility worth 8
2017-04-09T14:05:12.308760,Wtbdws gifted Deboah a gift of type gift_utility worth 8
2017-04-09T14:05:12.308855,Wtbdws gifted Deboah a gift of type gift_utility worth 8
2017-04-09T14:05:12.308950,Wtbdws gifted Deboah a gift of type gift_essential worth 9
2017-04-09T14:05:12.309046,Wtbdws gifted Deboah a gift of type gift_essential worth 9
2017-04-09T14:05:12.309142,Wtbdws gifted Deboah a gift of type gift_essential worth 9
2017-04-09T14:05:12.309237,Wtbdws gifted Deboah a gift of type gift_utility worth 10
2017-04-09T14:05:12.309362,*****************
2017-04-09T14:05:12.309652,Znzvha gifted Urdzbd a gift of type gift_utility worth 5
2017-04-09T14:05:12.309748,Znzvha gifted Urdzbd a gift of type gift_utility worth 5
2017-04-09T14:05:12.309843,Znzvha gifted Urdzbd a gift of type gift_utility worth 5
2017-04-09T14:05:12.309939,Znzvha gifted Urdzbd a gift of type gift_essential worth 6
2017-04-09T14:05:12.310048,*****************
2017-04-09T14:05:12.310314,Tqypgc gifted Gpptre a gift of type gift_luxury worth 40
2017-04-09T14:05:12.310425,Tqypgc gifted Gpptre a gift of type gift_utility worth 5
2017-04-09T14:05:12.310515,*****************
2017-04-09T14:05:12.310774,Imsdes gifted Eezgjl a gift of type gift_utility worth 5
2017-04-09T14:05:12.310870,Imsdes gifted Eezgjl a gift of type gift_utility worth 5
2017-04-09T14:05:12.310959,*****************
2017-04-09T14:05:12.311225,Gacpyr gifted Ttzskc a gift of type gift_utility worth 5
2017-04-09T14:05:12.311322,Gacpyr gifted Ttzskc a gift of type gift_utility worth 5
2017-04-09T14:05:12.311443,Gacpyr gifted Ttzskc a gift of type gift_utility worth 5
2017-04-09T14:05:12.311540,Gacpyr gifted Ttzskc a gift of type gift_essential worth 6
2017-04-09T14:05:12.311636,Gacpyr gifted Ttzskc a gift of type gift_utility worth 8
2017-04-09T14:05:12.311732,Gacpyr gifted Ttzskc a gift of type gift_utility worth 8
2017-04-09T14:05:12.311822,*****************
2017-04-09T14:05:12.312185,Icevkh gifted Ewnumf a gift of type gift_luxury worth 21
2017-04-09T14:05:12.312289,*****************
2017-04-09T14:05:12.312553,Tqhsbr gifted Qhpcnm a gift of type gift_utility worth 5
2017-04-09T14:05:12.312650,Tqhsbr gifted Qhpcnm a gift of type gift_utility worth 5
2017-04-09T14:05:12.312747,Tqhsbr gifted Qhpcnm a gift of type gift_utility worth 5
2017-04-09T14:05:12.312844,Tqhsbr gifted Qhpcnm a gift of type gift_essential worth 6
2017-04-09T14:05:12.312941,Tqhsbr gifted Qhpcnm a gift of type gift_utility worth 8
2017-04-09T14:05:12.313038,Tqhsbr gifted Qhpcnm a gift of type gift_utility worth 8
2017-04-09T14:05:12.313134,Tqhsbr gifted Qhpcnm a gift of type gift_utility worth 8
2017-04-09T14:05:12.313230,Tqhsbr gifted Qhpcnm a gift of type gift_essential worth 9
2017-04-09T14:05:12.313356,Tqhsbr gifted Qhpcnm a gift of type gift_essential worth 9
2017-04-09T14:05:12.313454,Tqhsbr gifted Qhpcnm a gift of type gift_essential worth 9
2017-04-09T14:05:12.313559,*****************
2017-04-09T14:05:12.313910,Exunqu gifted Nedyzf a gift of type gift_utility worth 5
2017-04-09T14:05:12.314007,Exunqu gifted Nedyzf a gift of type gift_utility worth 5
2017-04-09T14:05:12.314102,Exunqu gifted Nedyzf a gift of type gift_utility worth 5
2017-04-09T14:05:12.314190,*****************
2017-04-09T14:05:41.195103,Wtbdws gifted Deboah a gift of type gift_utility worth 5
2017-04-09T14:05:41.195234,Wtbdws gifted Deboah a gift of type gift_utility worth 5
2017-04-09T14:05:41.195318,Wtbdws gifted Deboah a gift of type gift_utility worth 5
2017-04-09T14:05:41.195393,Wtbdws gifted Deboah a gift of type gift_essential worth 6
2017-04-09T14:05:41.195466,Wtbdws gifted Deboah a gift of type gift_utility worth 8
2017-04-09T14:05:41.195541,Wtbdws gifted Deboah a gift of type gift_utility worth 8
2017-04-09T14:05:41.195614,Wtbdws gifted Deboah a gift of type gift_utility worth 8
2017-04-09T14:05:41.195686,Wtbdws gifted Deboah a gift of type gift_essential worth 9
2017-04-09T14:05:41.195759,Wtbdws gifted Deboah a gift of type gift_essential worth 9
2017-04-09T14:05:41.195831,Wtbdws gifted Deboah a gift of type gift_essential worth 9
2017-04-09T14:05:41.195904,Wtbdws gifted Deboah a gift of type gift_utility worth 10
2017-04-09T14:05:41.195984,*****************
2017-04-09T14:05:41.196230,Znzvha gifted Urdzbd a gift of type gift_utility worth 5
2017-04-09T14:05:41.196305,Znzvha gifted Urdzbd a gift of type gift_utility worth 5
2017-04-09T14:05:41.196378,Znzvha gifted Urdzbd a gift of type gift_utility worth 5
2017-04-09T14:05:41.196451,Znzvha gifted Urdzbd a gift of type gift_essential worth 6
2017-04-09T14:05:41.196534,*****************
2017-04-09T14:05:41.196755,Tqypgc gifted Gpptre a gift of type gift_luxury worth 40
2017-04-09T14:05:41.196842,Tqypgc gifted Gpptre a gift of type gift_utility worth 5
2017-04-09T14:05:41.196910,*****************
2017-04-09T14:05:41.197124,Imsdes gifted Eezgjl a gift of type gift_utility worth 5
2017-04-09T14:05:41.197198,Imsdes gifted Eezgjl a gift of type gift_utility worth 5
2017-04-09T14:05:41.197265,*****************
2017-04-09T14:05:41.197528,Gacpyr gifted Ttzskc a gift of type gift_utility worth 5
2017-04-09T14:05:41.197602,Gacpyr gifted Ttzskc a gift of type gift_utility worth 5
2017-04-09T14:05:41.197674,Gacpyr gifted Ttzskc a gift of type gift_utility worth 5
2017-04-09T14:05:41.197747,Gacpyr gifted Ttzskc a gift of type gift_essential worth 6
2017-04-09T14:05:41.197819,Gacpyr gifted Ttzskc a gift of type gift_utility worth 8
2017-04-09T14:05:41.197891,Gacpyr gifted Ttzskc a gift of type gift_utility worth 8
2017-04-09T14:05:41.197958,*****************
2017-04-09T14:05:41.198298,Icevkh gifted Ewnumf a gift of type gift_luxury worth 21
2017-04-09T14:05:41.198383,*****************
2017-04-09T14:05:41.198606,Tqhsbr gifted Qhpcnm a gift of type gift_utility worth 5
2017-04-09T14:05:41.198681,Tqhsbr gifted Qhpcnm a gift of type gift_utility worth 5
2017-04-09T14:05:41.198754,Tqhsbr gifted Qhpcnm a gift of type gift_utility worth 5
2017-04-09T14:05:41.198827,Tqhsbr gifted Qhpcnm a gift of type gift_essential worth 6
2017-04-09T14:05:41.198900,Tqhsbr gifted Qhpcnm a gift of type gift_utility worth 8
2017-04-09T14:05:41.198973,Tqhsbr gifted Qhpcnm a gift of type gift_utility worth 8
2017-04-09T14:05:41.199046,Tqhsbr gifted Qhpcnm a gift of type gift_utility worth 8
2017-04-09T14:05:41.199119,Tqhsbr gifted Qhpcnm a gift of type gift_essential worth 9
2017-04-09T14:05:41.199193,Tqhsbr gifted Qhpcnm a gift of type gift_essential worth 9
2017-04-09T14:05:41.199266,Tqhsbr gifted Qhpcnm a gift of type gift_essential worth 9
2017-04-09T14:05:41.199345,*****************
2017-04-09T14:05:41.199652,Exunqu gifted Nedyzf a gift of type gift_utility worth 5
2017-04-09T14:05:41.199741,Exunqu gifted Nedyzf a gift of type gift_utility worth 5
2017-04-09T14:05:41.199823,Exunqu gifted Nedyzf a gift of type gift_utility worth 5
2017-04-09T14:05:41.199891,*****************
2017-04-09T14:06:01.023827,Wtbdws gifted Deboah a gift of type gift_utility worth 5
2017-04-09T14:06:01.023964,Wtbdws gifted Deboah a gift of type gift_utility worth 5
2017-04-09T14:06:01.024048,Wtbdws gifted Deboah a gift of type gift_utility worth 5
2017-04-09T14:06:01.024126,Wtbdws gifted Deboah a gift of type gift_essential worth 6
2017-04-09T14:06:01.024200,Wtbdws gifted Deboah a gift of type gift_utility worth 8
2017-04-09T14:06:01.024275,Wtbdws gifted Deboah a gift of type gift_utility worth 8
2017-04-09T14:06:01.024349,Wtbdws gifted Deboah a gift of type gift_utility worth 8
2017-04-09T14:06:01.024422,Wtbdws gifted Deboah a gift of type gift_essential worth 9
2017-04-09T14:06:01.024495,Wtbdws gifted Deboah a gift of type gift_essential worth 9
2017-04-09T14:06:01.024568,Wtbdws gifted Deboah a gift of type gift_essential worth 9
2017-04-09T14:06:01.024641,Wtbdws gifted Deboah a gift of type gift_utility worth 10
2017-04-09T14:06:01.024722,*****************
2017-04-09T14:06:01.024966,Znzvha gifted Urdzbd a gift of type gift_utility worth 5
2017-04-09T14:06:01.025042,Znzvha gifted Urdzbd a gift of type gift_utility worth 5
2017-04-09T14:06:01.025115,Znzvha gifted Urdzbd a gift of type gift_utility worth 5
2017-04-09T14:06:01.025190,Znzvha gifted Urdzbd a gift of type gift_essential worth 6
2017-04-09T14:06:01.025272,*****************
2017-04-09T14:06:01.025525,Tqypgc gifted Gpptre a gift of type gift_luxury worth 40
2017-04-09T14:06:01.025614,Tqypgc gifted Gpptre a gift of type gift_utility worth 5
2017-04-09T14:06:01.025684,*****************
2017-04-09T14:06:01.025895,Imsdes gifted Eezgjl a gift of type gift_utility worth 5
2017-04-09T14:06:01.025972,Imsdes gifted Eezgjl a gift of type gift_utility worth 5
2017-04-09T14:06:01.026040,*****************
2017-04-09T14:06:01.026259,Gacpyr gifted Ttzskc a gift of type gift_utility worth 5
2017-04-09T14:06:01.026336,Gacpyr gifted Ttzskc a gift of type gift_utility worth 5
2017-04-09T14:06:01.026410,Gacpyr gifted Ttzskc a gift of type gift_utility worth 5
2017-04-09T14:06:01.026483,Gacpyr gifted Ttzskc a gift of type gift_essential worth 6
2017-04-09T14:06:01.026557,Gacpyr gifted Ttzskc a gift of type gift_utility worth 8
2017-04-09T14:06:01.026630,Gacpyr gifted Ttzskc a gift of type gift_utility worth 8
2017-04-09T14:06:01.026698,*****************
2017-04-09T14:06:01.026990,Icevkh gifted Ewnumf a gift of type gift_luxury worth 21
2017-04-09T14:06:01.027074,*****************
2017-04-09T14:06:01.027322,Tqhsbr gifted Qhpcnm a gift of type gift_utility worth 5
2017-04-09T14:06:01.027424,Tqhsbr gifted Qhpcnm a gift of type gift_utility worth 5
2017-04-09T14:06:01.027501,Tqhsbr gifted Qhpcnm a gift of type gift_utility worth 5
2017-04-09T14:06:01.027648,Tqhsbr gifted Qhpcnm a gift of type gift_essential worth 6
2017-04-09T14:06:01.028257,Tqhsbr gifted Qhpcnm a gift of type gift_utility worth 8
2017-04-09T14:06:01.028391,Tqhsbr gifted Qhpcnm a gift of type gift_utility worth 8
2017-04-09T14:06:01.028501,Tqhsbr gifted Qhpcnm a gift of type gift_utility worth 8
2017-04-09T14:06:01.028613,Tqhsbr gifted Qhpcnm a gift of type gift_essential worth 9
2017-04-09T14:06:01.028728,Tqhsbr gifted Qhpcnm a gift of type gift_essential worth 9
2017-04-09T14:06:01.028811,Tqhsbr gifted Qhpcnm a gift of type gift_essential worth 9
2017-04-09T14:06:01.028895,*****************
2017-04-09T14:06:01.029225,Exunqu gifted Nedyzf a gift of type gift_utility worth 5
2017-04-09T14:06:01.029327,Exunqu gifted Nedyzf a gift of type gift_utility worth 5
2017-04-09T14:06:01.029406,Exunqu gifted Nedyzf a gift of type gift_utility worth 5
2017-04-09T14:06:01.029475,*****************
2017-04-09T14:06:09.981177,Wtbdws gifted Deboah a gift of type gift_utility worth 5
2017-04-09T14:06:09.981317,Wtbdws gifted Deboah a gift of type gift_utility worth 5
2017-04-09T14:06:09.981402,Wtbdws gifted Deboah a gift of type gift_utility worth 5
2017-04-09T14:06:09.981478,Wtbdws gifted Deboah a gift of type gift_essential worth 6
2017-04-09T14:06:09.981553,Wtbdws gifted Deboah a gift of type gift_utility worth 8
2017-04-09T14:06:09.981629,Wtbdws gifted Deboah a gift of type gift_utility worth 8
2017-04-09T14:06:09.981703,Wtbdws gifted Deboah a gift of type gift_utility worth 8
2017-04-09T14:06:09.981779,Wtbdws gifted Deboah a gift of type gift_essential worth 9
2017-04-09T14:06:09.981853,Wtbdws gifted Deboah a gift of type gift_essential worth 9
2017-04-09T14:06:09.981927,Wtbdws gifted Deboah a gift of type gift_essential worth 9
2017-04-09T14:06:09.982001,Wtbdws gifted Deboah a gift of type gift_utility worth 10
2017-04-09T14:06:09.982083,*****************
2017-04-09T14:06:09.982371,Znzvha gifted Urdzbd a gift of type gift_utility worth 5
2017-04-09T14:06:09.982469,Znzvha gifted Urdzbd a gift of type gift_utility worth 5
2017-04-09T14:06:09.982543,Znzvha gifted Urdzbd a gift of type gift_utility worth 5
2017-04-09T14:06:09.982615,Znzvha gifted Urdzbd a gift of type gift_essential worth 6
2017-04-09T14:06:09.982720,*****************
2017-04-09T14:06:09.983051,Tqypgc gifted Gpptre a gift of type gift_luxury worth 40
2017-04-09T14:06:09.983192,Tqypgc gifted Gpptre a gift of type gift_utility worth 5
2017-04-09T14:06:09.983290,*****************
2017-04-09T14:06:09.983509,Imsdes gifted Eezgjl a gift of type gift_utility worth 5
2017-04-09T14:06:09.983603,Imsdes gifted Eezgjl a gift of type gift_utility worth 5
2017-04-09T14:06:09.983702,*****************
2017-04-09T14:06:09.983941,Gacpyr gifted Ttzskc a gift of type gift_utility worth 5
2017-04-09T14:06:09.984017,Gacpyr gifted Ttzskc a gift of type gift_utility worth 5
2017-04-09T14:06:09.984092,Gacpyr gifted Ttzskc a gift of type gift_utility worth 5
2017-04-09T14:06:09.984167,Gacpyr gifted Ttzskc a gift of type gift_essential worth 6
2017-04-09T14:06:09.984240,Gacpyr gifted Ttzskc a gift of type gift_utility worth 8
2017-04-09T14:06:09.984315,Gacpyr gifted Ttzskc a gift of type gift_utility worth 8
2017-04-09T14:06:09.984383,*****************
2017-04-09T14:06:09.984694,Icevkh gifted Ewnumf a gift of type gift_luxury worth 21
2017-04-09T14:06:09.984788,*****************
2017-04-09T14:06:09.985115,Tqhsbr gifted Qhpcnm a gift of type gift_utility worth 5
2017-04-09T14:06:09.985224,Tqhsbr gifted Qhpcnm a gift of type gift_utility worth 5
2017-04-09T14:06:09.985373,Tqhsbr gifted Qhpcnm a gift of type gift_utility worth 5
2017-04-09T14:06:09.985483,Tqhsbr gifted Qhpcnm a gift of type gift_essential worth 6
2017-04-09T14:06:09.985589,Tqhsbr gifted Qhpcnm a gift of type gift_utility worth 8
2017-04-09T14:06:09.985697,Tqhsbr gifted Qhpcnm a gift of type gift_utility worth 8
2017-04-09T14:06:09.985803,Tqhsbr gifted Qhpcnm a gift of type gift_utility worth 8
2017-04-09T14:06:09.985912,Tqhsbr gifted Qhpcnm a gift of type gift_essential worth 9
2017-04-09T14:06:09.986050,Tqhsbr gifted Qhpcnm a gift of type gift_essential worth 9
2017-04-09T14:06:09.986162,Tqhsbr gifted Qhpcnm a gift of type gift_essential worth 9
2017-04-09T14:06:09.986287,*****************
2017-04-09T14:06:09.986678,Exunqu gifted Nedyzf a gift of type gift_utility worth 5
2017-04-09T14:06:09.986778,Exunqu gifted Nedyzf a gift of type gift_utility worth 5
2017-04-09T14:06:09.986879,Exunqu gifted Nedyzf a gift of type gift_utility worth 5
2017-04-09T14:06:09.986951,*****************
2017-04-09T14:07:13.284730,Wtbdws gifted Deboah a gift of type gift_utility worth 5
2017-04-09T14:07:13.284865,Wtbdws gifted Deboah a gift of type gift_utility worth 5
2017-04-09T14:07:13.284948,Wtbdws gifted Deboah a gift of type gift_utility worth 5
2017-04-09T14:07:13.285023,Wtbdws gifted Deboah a gift of type gift_essential worth 6
2017-04-09T14:07:13.285096,Wtbdws gifted Deboah a gift of type gift_utility worth 8
2017-04-09T14:07:13.285168,Wtbdws gifted Deboah a gift of type gift_utility worth 8
2017-04-09T14:07:13.285240,Wtbdws gifted Deboah a gift of type gift_utility worth 8
2017-04-09T14:07:13.285341,Wtbdws gifted Deboah a gift of type gift_essential worth 9
2017-04-09T14:07:13.285417,Wtbdws gifted Deboah a gift of type gift_essential worth 9
2017-04-09T14:07:13.285488,Wtbdws gifted Deboah a gift of type gift_essential worth 9
2017-04-09T14:07:13.285561,Wtbdws gifted Deboah a gift of type gift_utility worth 10
2017-04-09T14:07:13.285640,*****************
2017-04-09T14:07:13.285883,Znzvha gifted Urdzbd a gift of type gift_utility worth 5
2017-04-09T14:07:13.285957,Znzvha gifted Urdzbd a gift of type gift_utility worth 5
2017-04-09T14:07:13.286029,Znzvha gifted Urdzbd a gift of type gift_utility worth 5
2017-04-09T14:07:13.286103,Znzvha gifted Urdzbd a gift of type gift_essential worth 6
2017-04-09T14:07:13.286185,*****************
2017-04-09T14:07:13.286401,Tqypgc gifted Gpptre a gift of type gift_luxury worth 40
2017-04-09T14:07:13.286488,Tqypgc gifted Gpptre a gift of type gift_utility worth 5
2017-04-09T14:07:13.286557,*****************
2017-04-09T14:07:13.286765,Imsdes gifted Eezgjl a gift of type gift_utility worth 5
2017-04-09T14:07:13.286840,Imsdes gifted Eezgjl a gift of type gift_utility worth 5
2017-04-09T14:07:13.286908,*****************
2017-04-09T14:07:13.287143,Gacpyr gifted Ttzskc a gift of type gift_utility worth 5
2017-04-09T14:07:13.287218,Gacpyr gifted Ttzskc a gift of type gift_utility worth 5
2017-04-09T14:07:13.287291,Gacpyr gifted Ttzskc a gift of type gift_utility worth 5
2017-04-09T14:07:13.287363,Gacpyr gifted Ttzskc a gift of type gift_essential worth 6
2017-04-09T14:07:13.287435,Gacpyr gifted Ttzskc a gift of type gift_utility worth 8
2017-04-09T14:07:13.287508,Gacpyr gifted Ttzskc a gift of type gift_utility worth 8
2017-04-09T14:07:13.287576,*****************
2017-04-09T14:07:13.287869,Icevkh gifted Ewnumf a gift of type gift_luxury worth 21
2017-04-09T14:07:13.287951,*****************
2017-04-09T14:07:13.288166,Tqhsbr gifted Qhpcnm a gift of type gift_utility worth 5
2017-04-09T14:07:13.288240,Tqhsbr gifted Qhpcnm a gift of type gift_utility worth 5
2017-04-09T14:07:13.288313,Tqhsbr gifted Qhpcnm a gift of type gift_utility worth 5
2017-04-09T14:07:13.288387,Tqhsbr gifted Qhpcnm a gift of type gift_essential worth 6
2017-04-09T14:07:13.288460,Tqhsbr gifted Qhpcnm a gift of type gift_utility worth 8
2017-04-09T14:07:13.288533,Tqhsbr gifted Qhpcnm a gift of type gift_utility worth 8
2017-04-09T14:07:13.288605,Tqhsbr gifted Qhpcnm a gift of type gift_utility worth 8
2017-04-09T14:07:13.288677,Tqhsbr gifted Qhpcnm a gift of type gift_essential worth 9
2017-04-09T14:07:13.288749,Tqhsbr gifted Qhpcnm a gift of type gift_essential worth 9
2017-04-09T14:07:13.288821,Tqhsbr gifted Qhpcnm a gift of type gift_essential worth 9
2017-04-09T14:07:13.288901,*****************
2017-04-09T14:07:13.289184,Exunqu gifted Nedyzf a gift of type gift_utility worth 5
2017-04-09T14:07:13.289260,Exunqu gifted Nedyzf a gift of type gift_utility worth 5
2017-04-09T14:07:13.289371,Exunqu gifted Nedyzf a gift of type gift_utility worth 5
2017-04-09T14:07:13.289440,*****************
2017-04-09T14:08:40.369594,Wtbdws gifted Deboah a gift of type gift_utility worth 5
2017-04-09T14:08:40.369715,Wtbdws gifted Deboah a gift of type gift_utility worth 5
2017-04-09T14:08:40.369801,Wtbdws gifted Deboah a gift of type gift_utility worth 5
2017-04-09T14:08:40.369876,Wtbdws gifted Deboah a gift of type gift_essential worth 6
2017-04-09T14:08:40.369950,Wtbdws gifted Deboah a gift of type gift_utility worth 8
2017-04-09T14:08:40.370025,Wtbdws gifted Deboah a gift of type gift_utility worth 8
2017-04-09T14:08:40.370098,Wtbdws gifted Deboah a gift of type gift_utility worth 8
2017-04-09T14:08:40.370172,Wtbdws gifted Deboah a gift of type gift_essential worth 9
2017-04-09T14:08:40.370245,Wtbdws gifted Deboah a gift of type gift_essential worth 9
2017-04-09T14:08:40.370318,Wtbdws gifted Deboah a gift of type gift_essential worth 9
2017-04-09T14:08:40.370391,Wtbdws gifted Deboah a gift of type gift_utility worth 10
2017-04-09T14:08:40.370473,*****************
2017-04-09T14:08:40.370714,Znzvha gifted Urdzbd a gift of type gift_utility worth 5
2017-04-09T14:08:40.370790,Znzvha gifted Urdzbd a gift of type gift_utility worth 5
2017-04-09T14:08:40.370864,Znzvha gifted Urdzbd a gift of type gift_utility worth 5
2017-04-09T14:08:40.370939,Znzvha gifted Urdzbd a gift of type gift_essential worth 6
2017-04-09T14:08:40.371023,*****************
2017-04-09T14:08:40.371242,Tqypgc gifted Gpptre a gift of type gift_luxury worth 40
2017-04-09T14:08:40.371331,Tqypgc gifted Gpptre a gift of type gift_utility worth 5
2017-04-09T14:08:40.371401,*****************
2017-04-09T14:08:40.371613,Imsdes gifted Eezgjl a gift of type gift_utility worth 5
2017-04-09T14:08:40.371688,Imsdes gifted Eezgjl a gift of type gift_utility worth 5
2017-04-09T14:08:40.371756,*****************
2017-04-09T14:08:40.371975,Gacpyr gifted Ttzskc a gift of type gift_utility worth 5
2017-04-09T14:08:40.372051,Gacpyr gifted Ttzskc a gift of type gift_utility worth 5
2017-04-09T14:08:40.372124,Gacpyr gifted Ttzskc a gift of type gift_utility worth 5
2017-04-09T14:08:40.372198,Gacpyr gifted Ttzskc a gift of type gift_essential worth 6
2017-04-09T14:08:40.372271,Gacpyr gifted Ttzskc a gift of type gift_utility worth 8
2017-04-09T14:08:40.372345,Gacpyr gifted Ttzskc a gift of type gift_utility worth 8
2017-04-09T14:08:40.372412,*****************
2017-04-09T14:08:40.372704,Icevkh gifted Ewnumf a gift of type gift_luxury worth 21
2017-04-09T14:08:40.372787,*****************
2017-04-09T14:08:40.373007,Tqhsbr gifted Qhpcnm a gift of type gift_utility worth 5
2017-04-09T14:08:40.373083,Tqhsbr gifted Qhpcnm a gift of type gift_utility worth 5
2017-04-09T14:08:40.373157,Tqhsbr gifted Qhpcnm a gift of type gift_utility worth 5
2017-04-09T14:08:40.373230,Tqhsbr gifted Qhpcnm a gift of type gift_essential worth 6
2017-04-09T14:08:40.373336,Tqhsbr gifted Qhpcnm a gift of type gift_utility worth 8
2017-04-09T14:08:40.373415,Tqhsbr gifted Qhpcnm a gift of type gift_utility worth 8
2017-04-09T14:08:40.373488,Tqhsbr gifted Qhpcnm a gift of type gift_utility worth 8
2017-04-09T14:08:40.373562,Tqhsbr gifted Qhpcnm a gift of type gift_essential worth 9
2017-04-09T14:08:40.373635,Tqhsbr gifted Qhpcnm a gift of type gift_essential worth 9
2017-04-09T14:08:40.373708,Tqhsbr gifted Qhpcnm a gift of type gift_essential worth 9
2017-04-09T14:08:40.373789,*****************
2017-04-09T14:08:40.374107,Exunqu gifted Nedyzf a gift of type gift_utility worth 5
2017-04-09T14:08:40.374185,Exunqu gifted Nedyzf a gift of type gift_utility worth 5
2017-04-09T14:08:40.374259,Exunqu gifted Nedyzf a gift of type gift_utility worth 5
2017-04-09T14:08:40.374327,*****************
2017-04-09T14:09:38.313659,Wtbdws gifted Deboah a gift of type gift_utility worth 5
2017-04-09T14:09:38.313814,Wtbdws gifted Deboah a gift of type gift_utility worth 5
2017-04-09T14:09:38.313932,Wtbdws gifted Deboah a gift of type gift_utility worth 5
2017-04-09T14:09:38.314056,Wtbdws gifted Deboah a gift of type gift_essential worth 6
2017-04-09T14:09:38.314152,Wtbdws gifted Deboah a gift of type gift_utility worth 8
2017-04-09T14:09:38.314248,Wtbdws gifted Deboah a gift of type gift_utility worth 8
2017-04-09T14:09:38.314341,Wtbdws gifted Deboah a gift of type gift_utility worth 8
2017-04-09T14:09:38.314435,Wtbdws gifted Deboah a gift of type gift_essential worth 9
2017-04-09T14:09:38.314528,Wtbdws gifted Deboah a gift of type gift_essential worth 9
2017-04-09T14:09:38.314622,Wtbdws gifted Deboah a gift of type gift_essential worth 9
2017-04-09T14:09:38.314716,Wtbdws gifted Deboah a gift of type gift_utility worth 10
2017-04-09T14:09:38.314819,*****************
2017-04-09T14:09:38.315100,Znzvha gifted Urdzbd a gift of type gift_utility worth 5
2017-04-09T14:09:38.315194,Znzvha gifted Urdzbd a gift of type gift_utility worth 5
2017-04-09T14:09:38.315288,Znzvha gifted Urdzbd a gift of type gift_utility worth 5
2017-04-09T14:09:38.315381,Znzvha gifted Urdzbd a gift of type gift_essential worth 6
2017-04-09T14:09:38.315487,*****************
2017-04-09T14:09:38.315748,Tqypgc gifted Gpptre a gift of type gift_luxury worth 40
2017-04-09T14:09:38.315857,Tqypgc gifted Gpptre a gift of type gift_utility worth 5
2017-04-09T14:09:38.315945,*****************
2017-04-09T14:09:38.316198,Imsdes gifted Eezgjl a gift of type gift_utility worth 5
2017-04-09T14:09:38.316295,Imsdes gifted Eezgjl a gift of type gift_utility worth 5
2017-04-09T14:09:38.316385,*****************
2017-04-09T14:09:38.316649,Gacpyr gifted Ttzskc a gift of type gift_utility worth 5
2017-04-09T14:09:38.316744,Gacpyr gifted Ttzskc a gift of type gift_utility worth 5
2017-04-09T14:09:38.316839,Gacpyr gifted Ttzskc a gift of type gift_utility worth 5
2017-04-09T14:09:38.316934,Gacpyr gifted Ttzskc a gift of type gift_essential worth 6
2017-04-09T14:09:38.317029,Gacpyr gifted Ttzskc a gift of type gift_utility worth 8
2017-04-09T14:09:38.317124,Gacpyr gifted Ttzskc a gift of type gift_utility worth 8
2017-04-09T14:09:38.317212,*****************
2017-04-09T14:09:38.317595,Icevkh gifted Ewnumf a gift of type gift_luxury worth 21
2017-04-09T14:09:38.317699,*****************
2017-04-09T14:09:38.317960,Tqhsbr gifted Qhpcnm a gift of type gift_utility worth 5
2017-04-09T14:09:38.318054,Tqhsbr gifted Qhpcnm a gift of type gift_utility worth 5
2017-04-09T14:09:38.318149,Tqhsbr gifted Qhpcnm a gift of type gift_utility worth 5
2017-04-09T14:09:38.318238,Tqhsbr gifted Qhpcnm a gift of type gift_essential worth 6
2017-04-09T14:09:38.318315,Tqhsbr gifted Qhpcnm a gift of type gift_utility worth 8
2017-04-09T14:09:38.318390,Tqhsbr gifted Qhpcnm a gift of type gift_utility worth 8
2017-04-09T14:09:38.318463,Tqhsbr gifted Qhpcnm a gift of type gift_utility worth 8
2017-04-09T14:09:38.318536,Tqhsbr gifted Qhpcnm a gift of type gift_essential worth 9
2017-04-09T14:09:38.318610,Tqhsbr gifted Qhpcnm a gift of type gift_essential worth 9
2017-04-09T14:09:38.318683,Tqhsbr gifted Qhpcnm a gift of type gift_essential worth 9
2017-04-09T14:09:38.318765,*****************
2017-04-09T14:09:38.319078,Exunqu gifted Nedyzf a gift of type gift_utility worth 5
2017-04-09T14:09:38.319156,Exunqu gifted Nedyzf a gift of type gift_utility worth 5
2017-04-09T14:09:38.319231,Exunqu gifted Nedyzf a gift of type gift_utility worth 5
2017-04-09T14:09:38.319301,*****************
2017-04-09T14:41:10.113506,Wtbdws gifted Deboah a gift of type gift_utility worth 5
2017-04-09T14:41:10.113626,Wtbdws gifted Deboah a gift of type gift_utility worth 5
2017-04-09T14:41:10.113710,Wtbdws gifted Deboah a gift of type gift_utility worth 5
2017-04-09T14:41:10.113782,Wtbdws gifted Deboah a gift of type gift_essential worth 6
2017-04-09T14:41:10.113856,Wtbdws gifted Deboah a gift of type gift_utility worth 8
2017-04-09T14:41:10.113929,Wtbdws gifted Deboah a gift of type gift_utility worth 8
2017-04-09T14:41:10.114001,Wtbdws gifted Deboah a gift of type gift_utility worth 8
2017-04-09T14:41:10.114073,Wtbdws gifted Deboah a gift of type gift_essential worth 9
2017-04-09T14:41:10.114162,Wtbdws gifted Deboah a gift of type gift_essential worth 9
2017-04-09T14:41:10.114237,Wtbdws gifted Deboah a gift of type gift_essential worth 9
2017-04-09T14:41:10.114309,Wtbdws gifted Deboah a gift of type gift_utility worth 10
2017-04-09T14:41:10.114390,*****************
2017-04-09T14:41:10.114641,Znzvha gifted Urdzbd a gift of type gift_utility worth 5
2017-04-09T14:41:10.114716,Znzvha gifted Urdzbd a gift of type gift_utility worth 5
2017-04-09T14:41:10.114788,Znzvha gifted Urdzbd a gift of type gift_utility worth 5
2017-04-09T14:41:10.114860,Znzvha gifted Urdzbd a gift of type gift_essential worth 6
2017-04-09T14:41:10.114941,*****************
2017-04-09T14:41:10.115161,Tqypgc gifted Gpptre a gift of type gift_luxury worth 40
2017-04-09T14:41:10.115248,Tqypgc gifted Gpptre a gift of type gift_utility worth 5
2017-04-09T14:41:10.115316,*****************
2017-04-09T14:41:10.115543,Imsdes gifted Eezgjl a gift of type gift_utility worth 5
2017-04-09T14:41:10.115619,Imsdes gifted Eezgjl a gift of type gift_utility worth 5
2017-04-09T14:41:10.115688,*****************
2017-04-09T14:41:10.115905,Gacpyr gifted Ttzskc a gift of type gift_utility worth 5
2017-04-09T14:41:10.115979,Gacpyr gifted Ttzskc a gift of type gift_utility worth 5
2017-04-09T14:41:10.116051,Gacpyr gifted Ttzskc a gift of type gift_utility worth 5
2017-04-09T14:41:10.116122,Gacpyr gifted Ttzskc a gift of type gift_essential worth 6
2017-04-09T14:41:10.116194,Gacpyr gifted Ttzskc a gift of type gift_utility worth 8
2017-04-09T14:41:10.116267,Gacpyr gifted Ttzskc a gift of type gift_utility worth 8
2017-04-09T14:41:10.116333,*****************
2017-04-09T14:41:10.116652,Icevkh gifted Ewnumf a gift of type gift_luxury worth 21
2017-04-09T14:41:10.116736,*****************
2017-04-09T14:41:10.116954,Tqhsbr gifted Qhpcnm a gift of type gift_utility worth 5
2017-04-09T14:41:10.117029,Tqhsbr gifted Qhpcnm a gift of type gift_utility worth 5
2017-04-09T14:41:10.117102,Tqhsbr gifted Qhpcnm a gift of type gift_utility worth 5
2017-04-09T14:41:10.117174,Tqhsbr gifted Qhpcnm a gift of type gift_essential worth 6
2017-04-09T14:41:10.117246,Tqhsbr gifted Qhpcnm a gift of type gift_utility worth 8
2017-04-09T14:41:10.117362,Tqhsbr gifted Qhpcnm a gift of type gift_utility worth 8
2017-04-09T14:41:10.117440,Tqhsbr gifted Qhpcnm a gift of type gift_utility worth 8
2017-04-09T14:41:10.117513,Tqhsbr gifted Qhpcnm a gift of type gift_essential worth 9
2017-04-09T14:41:10.117586,Tqhsbr gifted Qhpcnm a gift of type gift_essential worth 9
2017-04-09T14:41:10.117658,Tqhsbr gifted Qhpcnm a gift of type gift_essential worth 9
2017-04-09T14:41:10.117738,*****************
2017-04-09T14:41:10.118079,Exunqu gifted Nedyzf a gift of type gift_utility worth 5
2017-04-09T14:41:10.118189,Exunqu gifted Nedyzf a gift of type gift_utility worth 5
2017-04-09T14:41:10.118301,Exunqu gifted Nedyzf a gift of type gift_utility worth 5
2017-04-09T14:41:10.118403,*****************
2017-04-09T14:42:31.872851,Wtbdws gifted Deboah a gift of type gift_utility worth 5
2017-04-09T14:42:31.872971,Wtbdws gifted Deboah a gift of type gift_utility worth 5
2017-04-09T14:42:31.873056,Wtbdws gifted Deboah a gift of type gift_utility worth 5
2017-04-09T14:42:31.873133,Wtbdws gifted Deboah a gift of type gift_essential worth 6
2017-04-09T14:42:31.873206,Wtbdws gifted Deboah a gift of type gift_utility worth 8
2017-04-09T14:42:31.873282,Wtbdws gifted Deboah a gift of type gift_utility worth 8
2017-04-09T14:42:31.873394,Wtbdws gifted Deboah a gift of type gift_utility worth 8
2017-04-09T14:42:31.873468,Wtbdws gifted Deboah a gift of type gift_essential worth 9
2017-04-09T14:42:31.873542,Wtbdws gifted Deboah a gift of type gift_essential worth 9
2017-04-09T14:42:31.873615,Wtbdws gifted Deboah a gift of type gift_essential worth 9
2017-04-09T14:42:31.873688,Wtbdws gifted Deboah a gift of type gift_utility worth 10
2017-04-09T14:42:31.873770,*****************
2017-04-09T14:42:31.874018,Znzvha gifted Urdzbd a gift of type gift_utility worth 5
2017-04-09T14:42:31.874121,Znzvha gifted Urdzbd a gift of type gift_utility worth 5
2017-04-09T14:42:31.874197,Znzvha gifted Urdzbd a gift of type gift_utility worth 5
2017-04-09T14:42:31.874270,Znzvha gifted Urdzbd a gift of type gift_essential worth 6
2017-04-09T14:42:31.874353,*****************
2017-04-09T14:42:31.874568,Tqypgc gifted Gpptre a gift of type gift_luxury worth 40
2017-04-09T14:42:31.874656,Tqypgc gifted Gpptre a gift of type gift_utility worth 5
2017-04-09T14:42:31.874726,*****************
2017-04-09T14:42:31.874934,Imsdes gifted Eezgjl a gift of type gift_utility worth 5
2017-04-09T14:42:31.875009,Imsdes gifted Eezgjl a gift of type gift_utility worth 5
2017-04-09T14:42:31.875076,*****************
2017-04-09T14:42:31.875289,Gacpyr gifted Ttzskc a gift of type gift_utility worth 5
2017-04-09T14:42:31.875363,Gacpyr gifted Ttzskc a gift of type gift_utility worth 5
2017-04-09T14:42:31.875436,Gacpyr gifted Ttzskc a gift of type gift_utility worth 5
2017-04-09T14:42:31.875509,Gacpyr gifted Ttzskc a gift of type gift_essential worth 6
2017-04-09T14:42:31.875581,Gacpyr gifted Ttzskc a gift of type gift_utility worth 8
2017-04-09T14:42:31.875655,Gacpyr gifted Ttzskc a gift of type gift_utility worth 8
2017-04-09T14:42:31.875722,*****************
2017-04-09T14:42:31.876019,Icevkh gifted Ewnumf a gift of type gift_luxury worth 21
2017-04-09T14:42:31.876103,*****************
2017-04-09T14:42:31.876318,Tqhsbr gifted Qhpcnm a gift of type gift_utility worth 5
2017-04-09T14:42:31.876394,Tqhsbr gifted Qhpcnm a gift of type gift_utility worth 5
2017-04-09T14:42:31.876467,Tqhsbr gifted Qhpcnm a gift of type gift_utility worth 5
2017-04-09T14:42:31.876540,Tqhsbr gifted Qhpcnm a gift of type gift_essential worth 6
2017-04-09T14:42:31.876614,Tqhsbr gifted Qhpcnm a gift of type gift_utility worth 8
2017-04-09T14:42:31.876688,Tqhsbr gifted Qhpcnm a gift of type gift_utility worth 8
2017-04-09T14:42:31.876762,Tqhsbr gifted Qhpcnm a gift of type gift_utility worth 8
2017-04-09T14:42:31.876835,Tqhsbr gifted Qhpcnm a gift of type gift_essential worth 9
2017-04-09T14:42:31.876908,Tqhsbr gifted Qhpcnm a gift of type gift_essential worth 9
2017-04-09T14:42:31.876981,Tqhsbr gifted Qhpcnm a gift of type gift_essential worth 9
2017-04-09T14:42:31.877061,*****************
2017-04-09T14:42:31.877368,Exunqu gifted Nedyzf a gift of type gift_utility worth 5
2017-04-09T14:42:31.877448,Exunqu gifted Nedyzf a gift of type gift_utility worth 5
2017-04-09T14:42:31.877522,Exunqu gifted Nedyzf a gift of type gift_utility worth 5
2017-04-09T14:42:31.877591,*****************
2017-04-09T15:21:15.522437,Wtbdws gifted Deboah a gift of type gift_utility worth 5
2017-04-09T15:21:15.522551,Wtbdws gifted Deboah a gift of type gift_utility worth 5
2017-04-09T15:21:15.522624,Wtbdws gifted Deboah a gift of type gift_utility worth 5
2017-04-09T15:21:15.522699,Wtbdws gifted Deboah a gift of type gift_essential worth 6
2017-04-09T15:21:15.522769,Wtbdws gifted Deboah a gift of type gift_utility worth 8
2017-04-09T15:21:15.522842,Wtbdws gifted Deboah a gift of type gift_utility worth 8
2017-04-09T15:21:15.522912,Wtbdws gifted Deboah a gift of type gift_utility worth 8
2017-04-09T15:21:15.522984,Wtbdws gifted Deboah a gift of type gift_essential worth 9
2017-04-09T15:21:15.523058,Wtbdws gifted Deboah a gift of type gift_essential worth 9
2017-04-09T15:21:15.523130,Wtbdws gifted Deboah a gift of type gift_essential worth 9
2017-04-09T15:21:15.523202,Wtbdws gifted Deboah a gift of type gift_utility worth 10
2017-04-09T15:21:15.523283,*****************
2017-04-09T15:21:15.523519,Znzvha gifted Urdzbd a gift of type gift_utility worth 5
2017-04-09T15:21:15.523594,Znzvha gifted Urdzbd a gift of type gift_utility worth 5
2017-04-09T15:21:15.523666,Znzvha gifted Urdzbd a gift of type gift_utility worth 5
2017-04-09T15:21:15.523740,Znzvha gifted Urdzbd a gift of type gift_essential worth 6
2017-04-09T15:21:15.523822,*****************
2017-04-09T15:21:15.524038,Tqypgc gifted Gpptre a gift of type gift_luxury worth 40
2017-04-09T15:21:15.538060,Tqypgc gifted Gpptre a gift of type gift_utility worth 5
2017-04-09T15:21:15.538159,*****************
2017-04-09T15:21:15.538389,Imsdes gifted Eezgjl a gift of type gift_utility worth 5
2017-04-09T15:21:15.538464,Imsdes gifted Eezgjl a gift of type gift_utility worth 5
2017-04-09T15:21:15.538528,*****************
2017-04-09T15:21:15.538744,Gacpyr gifted Ttzskc a gift of type gift_utility worth 5
2017-04-09T15:21:15.538819,Gacpyr gifted Ttzskc a gift of type gift_utility worth 5
2017-04-09T15:21:15.538892,Gacpyr gifted Ttzskc a gift of type gift_utility worth 5
2017-04-09T15:21:15.538966,Gacpyr gifted Ttzskc a gift of type gift_essential worth 6
2017-04-09T15:21:15.539039,Gacpyr gifted Ttzskc a gift of type gift_utility worth 8
2017-04-09T15:21:15.539113,Gacpyr gifted Ttzskc a gift of type gift_utility worth 8
2017-04-09T15:21:15.539180,*****************
2017-04-09T15:21:15.539517,Icevkh gifted Ewnumf a gift of type gift_luxury worth 21
2017-04-09T15:21:15.539603,*****************
2017-04-09T15:21:15.539820,Tqhsbr gifted Qhpcnm a gift of type gift_utility worth 5
2017-04-09T15:21:15.539896,Tqhsbr gifted Qhpcnm a gift of type gift_utility worth 5
2017-04-09T15:21:15.539969,Tqhsbr gifted Qhpcnm a gift of type gift_utility worth 5
2017-04-09T15:21:15.540042,Tqhsbr gifted Qhpcnm a gift of type gift_essential worth 6
2017-04-09T15:21:15.540115,Tqhsbr gifted Qhpcnm a gift of type gift_utility worth 8
2017-04-09T15:21:15.540188,Tqhsbr gifted Qhpcnm a gift of type gift_utility worth 8
2017-04-09T15:21:15.540261,Tqhsbr gifted Qhpcnm a gift of type gift_utility worth 8
2017-04-09T15:21:15.540334,Tqhsbr gifted Qhpcnm a gift of type gift_essential worth 9
2017-04-09T15:21:15.540406,Tqhsbr gifted Qhpcnm a gift of type gift_essential worth 9
2017-04-09T15:21:15.540479,Tqhsbr gifted Qhpcnm a gift of type gift_essential worth 9
2017-04-09T15:21:15.540558,*****************
2017-04-09T15:21:15.540871,Exunqu gifted Nedyzf a gift of type gift_utility worth 5
2017-04-09T15:21:15.540949,Exunqu gifted Nedyzf a gift of type gift_utility worth 5
2017-04-09T15:21:15.541023,Exunqu gifted Nedyzf a gift of type gift_utility worth 5
2017-04-09T15:21:15.541090,*****************
2017-04-09T15:21:34.472850,Wtbdws gifted Deboah a gift of type gift_utility worth 5
2017-04-09T15:21:34.472994,Wtbdws gifted Deboah a gift of type gift_utility worth 5
2017-04-09T15:21:34.473097,Wtbdws gifted Deboah a gift of type gift_utility worth 5
2017-04-09T15:21:34.473194,Wtbdws gifted Deboah a gift of type gift_essential worth 6
2017-04-09T15:21:34.473301,Wtbdws gifted Deboah a gift of type gift_utility worth 8
2017-04-09T15:21:34.473397,Wtbdws gifted Deboah a gift of type gift_utility worth 8
2017-04-09T15:21:34.473491,Wtbdws gifted Deboah a gift of type gift_utility worth 8
2017-04-09T15:21:34.473585,Wtbdws gifted Deboah a gift of type gift_essential worth 9
2017-04-09T15:21:34.473679,Wtbdws gifted Deboah a gift of type gift_essential worth 9
2017-04-09T15:21:34.473772,Wtbdws gifted Deboah a gift of type gift_essential worth 9
2017-04-09T15:21:34.473865,Wtbdws gifted Deboah a gift of type gift_utility worth 10
2017-04-09T15:21:34.473969,*****************
2017-04-09T15:21:34.474255,Znzvha gifted Urdzbd a gift of type gift_utility worth 5
2017-04-09T15:21:34.474353,Znzvha gifted Urdzbd a gift of type gift_utility worth 5
2017-04-09T15:21:34.474429,Znzvha gifted Urdzbd a gift of type gift_utility worth 5
2017-04-09T15:21:34.474503,Znzvha gifted Urdzbd a gift of type gift_essential worth 6
2017-04-09T15:21:34.474586,*****************
2017-04-09T15:21:34.474819,Tqypgc gifted Gpptre a gift of type gift_luxury worth 40
2017-04-09T15:21:34.474933,Tqypgc gifted Gpptre a gift of type gift_utility worth 5
2017-04-09T15:21:34.475006,*****************
2017-04-09T15:21:34.475217,Imsdes gifted Eezgjl a gift of type gift_utility worth 5
2017-04-09T15:21:34.475292,Imsdes gifted Eezgjl a gift of type gift_utility worth 5
2017-04-09T15:21:34.475359,*****************
2017-04-09T15:21:34.475612,Gacpyr gifted Ttzskc a gift of type gift_utility worth 5
2017-04-09T15:21:34.475686,Gacpyr gifted Ttzskc a gift of type gift_utility worth 5
2017-04-09T15:21:34.475758,Gacpyr gifted Ttzskc a gift of type gift_utility worth 5
2017-04-09T15:21:34.475831,Gacpyr gifted Ttzskc a gift of type gift_essential worth 6
2017-04-09T15:21:34.475904,Gacpyr gifted Ttzskc a gift of type gift_utility worth 8
2017-04-09T15:21:34.475978,Gacpyr gifted Ttzskc a gift of type gift_utility worth 8
2017-04-09T15:21:34.476045,*****************
2017-04-09T15:21:34.476377,Icevkh gifted Ewnumf a gift of type gift_luxury worth 21
2017-04-09T15:21:34.476460,*****************
2017-04-09T15:21:34.476679,Tqhsbr gifted Qhpcnm a gift of type gift_utility worth 5
2017-04-09T15:21:34.476755,Tqhsbr gifted Qhpcnm a gift of type gift_utility worth 5
2017-04-09T15:21:34.476829,Tqhsbr gifted Qhpcnm a gift of type gift_utility worth 5
2017-04-09T15:21:34.476903,Tqhsbr gifted Qhpcnm a gift of type gift_essential worth 6
2017-04-09T15:21:34.476977,Tqhsbr gifted Qhpcnm a gift of type gift_utility worth 8
2017-04-09T15:21:34.477051,Tqhsbr gifted Qhpcnm a gift of type gift_utility worth 8
2017-04-09T15:21:34.477123,Tqhsbr gifted Qhpcnm a gift of type gift_utility worth 8
2017-04-09T15:21:34.477196,Tqhsbr gifted Qhpcnm a gift of type gift_essential worth 9
2017-04-09T15:21:34.477270,Tqhsbr gifted Qhpcnm a gift of type gift_essential worth 9
2017-04-09T15:21:34.477391,Tqhsbr gifted Qhpcnm a gift of type gift_essential worth 9
2017-04-09T15:21:34.477474,*****************
2017-04-09T15:21:34.477788,Exunqu gifted Nedyzf a gift of type gift_utility worth 5
2017-04-09T15:21:34.477866,Exunqu gifted Nedyzf a gift of type gift_utility worth 5
2017-04-09T15:21:34.477939,Exunqu gifted Nedyzf a gift of type gift_utility worth 5
2017-04-09T15:21:34.478006,*****************
2017-04-09T15:22:15.722323,Ziolds gifted Txgmee a gift of type gift_essential worth 6
2017-04-09T15:22:15.722447,Ziolds gifted Txgmee a gift of type gift_essential worth 6
2017-04-09T15:22:15.722522,Ziolds gifted Txgmee a gift of type gift_utility worth 10
2017-04-09T15:22:15.722587,*****************
2017-04-09T15:22:15.723184,Cpgrqe gifted Mevaji a gift of type gift_luxury worth 37
2017-04-09T15:22:15.723258,*****************
2017-04-09T15:22:15.723912,Rxcfqw gifted Savtrs a gift of type gift_essential worth 6
2017-04-09T15:22:15.723987,Rxcfqw gifted Savtrs a gift of type gift_essential worth 6
2017-04-09T15:22:15.724057,Rxcfqw gifted Savtrs a gift of type gift_utility worth 10
2017-04-09T15:22:15.724123,*****************
2017-04-09T15:22:15.724715,Qzfdrv gifted Ssgpwf a gift of type gift_luxury worth 37
2017-04-09T15:22:15.724813,*****************
2017-04-09T15:22:15.725472,Szkuej gifted Felvzv a gift of type gift_essential worth 6
2017-04-09T15:22:15.725550,*****************
2017-04-09T15:22:15.726182,*****************
2017-04-09T15:22:15.726808,Fqffbf gifted Azvgtu a gift of type gift_essential worth 6
2017-04-09T15:22:15.726883,Fqffbf gifted Azvgtu a gift of type gift_essential worth 6
2017-04-09T15:22:15.726957,Fqffbf gifted Azvgtu a gift of type gift_utility worth 10
2017-04-09T15:22:15.727030,Fqffbf gifted Azvgtu a gift of type gift_essential worth 11
2017-04-09T15:22:15.727103,Fqffbf gifted Azvgtu a gift of type gift_essential worth 13
2017-04-09T15:22:15.727175,*****************
2017-04-09T15:22:15.727896,Jupzam gifted Esrfua a gift of type gift_luxury worth 37
2017-04-09T15:22:15.727972,Jupzam gifted Esrfua a gift of type gift_luxury worth 37
2017-04-09T15:22:15.728087,Jupzam gifted Esrfua a gift of type gift_utility worth 15
2017-04-09T15:22:15.728189,*****************
2017-04-09T15:22:15.728815,Pdrgnm gifted Wluzzc a gift of type gift_essential worth 6
2017-04-09T15:22:15.728890,Pdrgnm gifted Wluzzc a gift of type gift_essential worth 6
2017-04-09T15:22:15.728965,*****************
2017-04-09T15:22:15.729611,*****************
2017-04-09T15:22:15.730244,Nofwgt gifted Kpwtag a gift of type gift_essential worth 6
2017-04-09T15:22:15.730336,Nofwgt gifted Kpwtag a gift of type gift_essential worth 6
2017-04-09T15:22:15.730405,*****************
2017-04-09T15:22:15.731031,Idvbhc gifted Clwwje a gift of type gift_essential worth 6
2017-04-09T15:22:15.731106,Idvbhc gifted Clwwje a gift of type gift_essential worth 6
2017-04-09T15:22:15.731179,Idvbhc gifted Clwwje a gift of type gift_utility worth 10
2017-04-09T15:22:15.731253,Idvbhc gifted Clwwje a gift of type gift_essential worth 11
2017-04-09T15:22:15.731326,Idvbhc gifted Clwwje a gift of type gift_essential worth 13
2017-04-09T15:22:15.731397,*****************
2017-04-09T15:22:15.731995,Mgjqsl gifted Odzpir a gift of type gift_luxury worth 37
2017-04-09T15:22:15.732070,Mgjqsl gifted Odzpir a gift of type gift_utility worth 20
2017-04-09T15:22:15.732142,*****************
2017-04-09T15:22:15.732770,Inoyor gifted Mjddxg a gift of type gift_luxury worth 37
2017-04-09T15:22:15.732845,Inoyor gifted Mjddxg a gift of type gift_utility worth 20
2017-04-09T15:22:15.732918,Inoyor gifted Mjddxg a gift of type gift_luxury worth 16
2017-04-09T15:22:15.733011,*****************
2017-04-09T15:22:15.733672,Fdvogh gifted Xrxidf a gift of type gift_essential worth 6
2017-04-09T15:22:15.733749,Fdvogh gifted Xrxidf a gift of type gift_essential worth 6
2017-04-09T15:22:15.733826,Fdvogh gifted Xrxidf a gift of type gift_utility worth 10
2017-04-09T15:22:15.733900,*****************
2017-04-09T15:22:15.734600,Hnvyjc gifted Jmuptd a gift of type gift_luxury worth 37
2017-04-09T15:22:15.734702,*****************
2017-04-09T15:22:15.735299,Rvaosw gifted Mfzdjx a gift of type gift_essential worth 6
2017-04-09T15:22:15.735373,Rvaosw gifted Mfzdjx a gift of type gift_essential worth 6
2017-04-09T15:22:15.735441,*****************
2017-04-09T15:22:15.736084,Mvyibu gifted Wvaoek a gift of type gift_luxury worth 37
2017-04-09T15:22:15.736158,*****************
2017-04-09T15:22:15.736786,Qndupv gifted Mkdxbi a gift of type gift_essential worth 13
2017-04-09T15:22:15.736858,*****************
2017-04-09T15:22:15.737497,Ghntak gifted Vtmiju a gift of type gift_essential worth 6
2017-04-09T15:22:15.737575,*****************
2017-04-09T15:22:44.599810,Ziolds gifted Txgmee a gift of type gift_essential worth 6
2017-04-09T15:22:44.599935,Ziolds gifted Txgmee a gift of type gift_essential worth 6
2017-04-09T15:22:44.600010,Ziolds gifted Txgmee a gift of type gift_utility worth 10
2017-04-09T15:22:44.600080,*****************
2017-04-09T15:22:44.600672,Cpgrqe gifted Mevaji a gift of type gift_luxury worth 37
2017-04-09T15:22:44.600768,*****************
2017-04-09T15:22:44.601436,Rxcfqw gifted Savtrs a gift of type gift_essential worth 6
2017-04-09T15:22:44.601514,Rxcfqw gifted Savtrs a gift of type gift_essential worth 6
2017-04-09T15:22:44.601587,Rxcfqw gifted Savtrs a gift of type gift_utility worth 10
2017-04-09T15:22:44.601655,*****************
2017-04-09T15:22:44.602242,Qzfdrv gifted Ssgpwf a gift of type gift_luxury worth 37
2017-04-09T15:22:44.602339,*****************
2017-04-09T15:22:44.603038,Szkuej gifted Felvzv a gift of type gift_essential worth 6
2017-04-09T15:22:44.603132,*****************
2017-04-09T15:22:44.603958,*****************
2017-04-09T15:22:44.604633,Fqffbf gifted Azvgtu a gift of type gift_essential worth 6
2017-04-09T15:22:44.604715,Fqffbf gifted Azvgtu a gift of type gift_essential worth 6
2017-04-09T15:22:44.604791,Fqffbf gifted Azvgtu a gift of type gift_utility worth 10
2017-04-09T15:22:44.604866,Fqffbf gifted Azvgtu a gift of type gift_essential worth 11
2017-04-09T15:22:44.604942,Fqffbf gifted Azvgtu a gift of type gift_essential worth 13
2017-04-09T15:22:44.605016,*****************
2017-04-09T15:22:44.605724,Jupzam gifted Esrfua a gift of type gift_luxury worth 37
2017-04-09T15:22:44.605811,Jupzam gifted Esrfua a gift of type gift_luxury worth 37
2017-04-09T15:22:44.605887,Jupzam gifted Esrfua a gift of type gift_utility worth 15
2017-04-09T15:22:44.605958,*****************
2017-04-09T15:22:44.606597,Pdrgnm gifted Wluzzc a gift of type gift_essential worth 6
2017-04-09T15:22:44.606739,Pdrgnm gifted Wluzzc a gift of type gift_essential worth 6
2017-04-09T15:22:44.606840,*****************
2017-04-09T15:22:44.607505,*****************
2017-04-09T15:22:44.608143,Nofwgt gifted Kpwtag a gift of type gift_essential worth 6
2017-04-09T15:22:44.608222,Nofwgt gifted Kpwtag a gift of type gift_essential worth 6
2017-04-09T15:22:44.608290,*****************
2017-04-09T15:22:44.608914,Idvbhc gifted Clwwje a gift of type gift_essential worth 6
2017-04-09T15:22:44.608993,Idvbhc gifted Clwwje a gift of type gift_essential worth 6
2017-04-09T15:22:44.609068,Idvbhc gifted Clwwje a gift of type gift_utility worth 10
2017-04-09T15:22:44.609142,Idvbhc gifted Clwwje a gift of type gift_essential worth 11
2017-04-09T15:22:44.609216,Idvbhc gifted Clwwje a gift of type gift_essential worth 13
2017-04-09T15:22:44.609308,*****************
2017-04-09T15:22:44.609988,Mgjqsl gifted Odzpir a gift of type gift_luxury worth 37
2017-04-09T15:22:44.610066,Mgjqsl gifted Odzpir a gift of type gift_utility worth 20
2017-04-09T15:22:44.610136,*****************
2017-04-09T15:22:44.610758,Inoyor gifted Mjddxg a gift of type gift_luxury worth 37
2017-04-09T15:22:44.610834,Inoyor gifted Mjddxg a gift of type gift_utility worth 20
2017-04-09T15:22:44.610908,Inoyor gifted Mjddxg a gift of type gift_luxury worth 16
2017-04-09T15:22:44.610979,*****************
2017-04-09T15:22:44.611704,Fdvogh gifted Xrxidf a gift of type gift_essential worth 6
2017-04-09T15:22:44.611785,Fdvogh gifted Xrxidf a gift of type gift_essential worth 6
2017-04-09T15:22:44.611861,Fdvogh gifted Xrxidf a gift of type gift_utility worth 10
2017-04-09T15:22:44.611936,*****************
2017-04-09T15:22:44.612566,Hnvyjc gifted Jmuptd a gift of type gift_luxury worth 37
2017-04-09T15:22:44.612641,*****************
2017-04-09T15:22:44.613228,Rvaosw gifted Mfzdjx a gift of type gift_essential worth 6
2017-04-09T15:22:44.613326,Rvaosw gifted Mfzdjx a gift of type gift_essential worth 6
2017-04-09T15:22:44.613401,*****************
2017-04-09T15:22:44.614052,Mvyibu gifted Wvaoek a gift of type gift_luxury worth 37
2017-04-09T15:22:44.614129,*****************
2017-04-09T15:22:44.614750,Qndupv gifted Mkdxbi a gift of type gift_essential worth 13
2017-04-09T15:22:44.614825,*****************
2017-04-09T15:22:44.615443,Ghntak gifted Vtmiju a gift of type gift_essential worth 6
2017-04-09T15:22:44.615522,*****************
2017-04-09T16:08:12.360953,Ziolds gifted Txgmee a gift of type gift_essential worth 6
2017-04-09T16:08:12.361125,Ziolds gifted Txgmee a gift of type gift_essential worth 6
2017-04-09T16:08:12.361231,Ziolds gifted Txgmee a gift of type gift_utility worth 10
2017-04-09T16:08:12.361363,*****************
2017-04-09T16:08:12.361999,Cpgrqe gifted Mevaji a gift of type gift_luxury worth 37
2017-04-09T16:08:12.362103,*****************
2017-04-09T16:08:12.362777,Rxcfqw gifted Savtrs a gift of type gift_essential worth 6
2017-04-09T16:08:12.362873,Rxcfqw gifted Savtrs a gift of type gift_essential worth 6
2017-04-09T16:08:12.362968,Rxcfqw gifted Savtrs a gift of type gift_utility worth 10
2017-04-09T16:08:12.363056,*****************
2017-04-09T16:08:12.363665,Qzfdrv gifted Ssgpwf a gift of type gift_luxury worth 37
2017-04-09T16:08:12.363759,*****************
2017-04-09T16:08:12.364391,Szkuej gifted Felvzv a gift of type gift_essential worth 6
2017-04-09T16:08:12.364486,*****************
2017-04-09T16:08:12.365432,*****************
2017-04-09T16:08:12.366297,Fqffbf gifted Azvgtu a gift of type gift_essential worth 6
2017-04-09T16:08:12.366401,Fqffbf gifted Azvgtu a gift of type gift_essential worth 6
2017-04-09T16:08:12.366497,Fqffbf gifted Azvgtu a gift of type gift_utility worth 10
2017-04-09T16:08:12.366593,Fqffbf gifted Azvgtu a gift of type gift_essential worth 11
2017-04-09T16:08:12.366689,Fqffbf gifted Azvgtu a gift of type gift_essential worth 13
2017-04-09T16:08:12.366782,*****************
2017-04-09T16:08:12.367435,Jupzam gifted Esrfua a gift of type gift_luxury worth 37
2017-04-09T16:08:12.373277,Jupzam gifted Esrfua a gift of type gift_luxury worth 37
2017-04-09T16:08:12.373475,Jupzam gifted Esrfua a gift of type gift_utility worth 15
2017-04-09T16:08:12.373570,*****************
2017-04-09T16:08:12.374233,Pdrgnm gifted Wluzzc a gift of type gift_essential worth 6
2017-04-09T16:08:12.374329,Pdrgnm gifted Wluzzc a gift of type gift_essential worth 6
2017-04-09T16:08:12.374424,*****************
2017-04-09T16:08:12.375053,*****************
2017-04-09T16:08:12.375687,Nofwgt gifted Kpwtag a gift of type gift_essential worth 6
2017-04-09T16:08:12.375782,Nofwgt gifted Kpwtag a gift of type gift_essential worth 6
2017-04-09T16:08:12.375871,*****************
2017-04-09T16:08:12.376497,Idvbhc gifted Clwwje a gift of type gift_essential worth 6
2017-04-09T16:08:12.376591,Idvbhc gifted Clwwje a gift of type gift_essential worth 6
2017-04-09T16:08:12.376685,Idvbhc gifted Clwwje a gift of type gift_utility worth 10
2017-04-09T16:08:12.376780,Idvbhc gifted Clwwje a gift of type gift_essential worth 11
2017-04-09T16:08:12.376874,Idvbhc gifted Clwwje a gift of type gift_essential worth 13
2017-04-09T16:08:12.376965,*****************
2017-04-09T16:08:12.377736,Mgjqsl gifted Odzpir a gift of type gift_luxury worth 37
2017-04-09T16:08:12.377840,Mgjqsl gifted Odzpir a gift of type gift_utility worth 20
2017-04-09T16:08:12.377932,*****************
2017-04-09T16:08:12.378599,Inoyor gifted Mjddxg a gift of type gift_luxury worth 37
2017-04-09T16:08:12.378695,Inoyor gifted Mjddxg a gift of type gift_utility worth 20
2017-04-09T16:08:12.378790,Inoyor gifted Mjddxg a gift of type gift_luxury worth 16
2017-04-09T16:08:12.378882,*****************
2017-04-09T16:08:12.379518,Fdvogh gifted Xrxidf a gift of type gift_essential worth 6
2017-04-09T16:08:12.379612,Fdvogh gifted Xrxidf a gift of type gift_essential worth 6
2017-04-09T16:08:12.379707,Fdvogh gifted Xrxidf a gift of type gift_utility worth 10
2017-04-09T16:08:12.379800,*****************
2017-04-09T16:08:12.380438,Hnvyjc gifted Jmuptd a gift of type gift_luxury worth 37
2017-04-09T16:08:12.380532,*****************
2017-04-09T16:08:12.381127,Rvaosw gifted Mfzdjx a gift of type gift_essential worth 6
2017-04-09T16:08:12.381222,Rvaosw gifted Mfzdjx a gift of type gift_essential worth 6
2017-04-09T16:08:12.381343,*****************
2017-04-09T16:08:12.382138,Mvyibu gifted Wvaoek a gift of type gift_luxury worth 37
2017-04-09T16:08:12.382262,*****************
2017-04-09T16:08:12.383044,Qndupv gifted Mkdxbi a gift of type gift_essential worth 13
2017-04-09T16:08:12.383123,*****************
2017-04-09T16:08:12.383716,Ghntak gifted Vtmiju a gift of type gift_essential worth 6
2017-04-09T16:08:12.383804,*****************
2017-04-09T16:09:57.471987,Ziolds gifted Txgmee a gift of type gift_essential worth 6
2017-04-09T16:09:57.472118,Ziolds gifted Txgmee a gift of type gift_essential worth 6
2017-04-09T16:09:57.472203,Ziolds gifted Txgmee a gift of type gift_utility worth 10
2017-04-09T16:09:57.472273,*****************
2017-04-09T16:10:38.951281,Ziolds gifted Txgmee a gift of type gift_essential worth 6
2017-04-09T16:10:38.951406,Ziolds gifted Txgmee a gift of type gift_essential worth 6
2017-04-09T16:10:38.951493,Ziolds gifted Txgmee a gift of type gift_utility worth 10
2017-04-09T16:10:38.951565,*****************
2017-04-09T16:10:38.952136,Cpgrqe gifted Mevaji a gift of type gift_luxury worth 37
2017-04-09T16:10:38.952212,*****************
2017-04-09T16:10:38.952840,Rxcfqw gifted Savtrs a gift of type gift_essential worth 6
2017-04-09T16:10:38.952916,Rxcfqw gifted Savtrs a gift of type gift_essential worth 6
2017-04-09T16:10:38.952988,Rxcfqw gifted Savtrs a gift of type gift_utility worth 10
2017-04-09T16:10:38.953054,*****************
2017-04-09T16:10:38.953665,Qzfdrv gifted Ssgpwf a gift of type gift_luxury worth 37
2017-04-09T16:10:38.953744,*****************
2017-04-09T16:10:38.954345,Szkuej gifted Felvzv a gift of type gift_essential worth 6
2017-04-09T16:10:38.954422,*****************
2017-04-09T16:10:38.955023,*****************
2017-04-09T16:10:38.955650,Fqffbf gifted Azvgtu a gift of type gift_essential worth 6
2017-04-09T16:10:38.955728,Fqffbf gifted Azvgtu a gift of type gift_essential worth 6
2017-04-09T16:10:38.955802,Fqffbf gifted Azvgtu a gift of type gift_utility worth 10
2017-04-09T16:10:38.955875,Fqffbf gifted Azvgtu a gift of type gift_essential worth 11
2017-04-09T16:10:38.955948,Fqffbf gifted Azvgtu a gift of type gift_essential worth 13
2017-04-09T16:10:38.956020,*****************
2017-04-09T16:10:38.956624,Jupzam gifted Esrfua a gift of type gift_luxury worth 37
2017-04-09T16:10:38.956700,Jupzam gifted Esrfua a gift of type gift_luxury worth 37
2017-04-09T16:10:38.956776,Jupzam gifted Esrfua a gift of type gift_utility worth 15
2017-04-09T16:10:38.956849,*****************
2017-04-09T16:10:38.957452,Pdrgnm gifted Wluzzc a gift of type gift_essential worth 6
2017-04-09T16:10:38.957536,Pdrgnm gifted Wluzzc a gift of type gift_essential worth 6
2017-04-09T16:10:38.957611,*****************
2017-04-09T16:10:38.958210,*****************
2017-04-09T16:10:38.958813,Nofwgt gifted Kpwtag a gift of type gift_essential worth 6
2017-04-09T16:10:38.958889,Nofwgt gifted Kpwtag a gift of type gift_essential worth 6
2017-04-09T16:10:38.958957,*****************
2017-04-09T16:10:38.959551,Idvbhc gifted Clwwje a gift of type gift_essential worth 6
2017-04-09T16:10:38.959627,Idvbhc gifted Clwwje a gift of type gift_essential worth 6
2017-04-09T16:10:38.959700,Idvbhc gifted Clwwje a gift of type gift_utility worth 10
2017-04-09T16:10:38.959773,Idvbhc gifted Clwwje a gift of type gift_essential worth 11
2017-04-09T16:10:38.959846,Idvbhc gifted Clwwje a gift of type gift_essential worth 13
2017-04-09T16:10:38.959919,*****************
2017-04-09T16:10:38.960492,Mgjqsl gifted Odzpir a gift of type gift_luxury worth 37
2017-04-09T16:10:38.960570,Mgjqsl gifted Odzpir a gift of type gift_utility worth 20
2017-04-09T16:10:38.960642,*****************
2017-04-09T16:10:38.961240,Inoyor gifted Mjddxg a gift of type gift_luxury worth 37
2017-04-09T16:10:38.961329,Inoyor gifted Mjddxg a gift of type gift_utility worth 20
2017-04-09T16:10:38.961404,Inoyor gifted Mjddxg a gift of type gift_luxury worth 16
2017-04-09T16:10:38.961476,*****************
2017-04-09T16:10:38.962079,Fdvogh gifted Xrxidf a gift of type gift_essential worth 6
2017-04-09T16:10:38.962155,Fdvogh gifted Xrxidf a gift of type gift_essential worth 6
2017-04-09T16:10:38.962228,Fdvogh gifted Xrxidf a gift of type gift_utility worth 10
2017-04-09T16:10:38.962301,*****************
2017-04-09T16:10:38.962924,Hnvyjc gifted Jmuptd a gift of type gift_luxury worth 37
2017-04-09T16:10:38.963001,*****************
2017-04-09T16:10:38.963561,Rvaosw gifted Mfzdjx a gift of type gift_essential worth 6
2017-04-09T16:10:38.963637,Rvaosw gifted Mfzdjx a gift of type gift_essential worth 6
2017-04-09T16:10:38.963705,*****************
2017-04-09T16:10:38.964309,Mvyibu gifted Wvaoek a gift of type gift_luxury worth 37
2017-04-09T16:10:38.964386,*****************
2017-04-09T16:10:38.964987,Qndupv gifted Mkdxbi a gift of type gift_essential worth 13
2017-04-09T16:10:38.965059,*****************
2017-04-09T16:10:38.965687,Ghntak gifted Vtmiju a gift of type gift_essential worth 6
2017-04-09T16:10:38.965767,*****************
2017-04-09T16:28:09.016898,Kfllee gifted Ogjkii a gift of type gift_utility worth 6
2017-04-09T16:28:09.017035,Kfllee gifted Ogjkii a gift of type gift_essential worth 7
2017-04-09T16:28:09.017120,Kfllee gifted Ogjkii a gift of type gift_essential worth 9
2017-04-09T16:28:09.017196,Kfllee gifted Ogjkii a gift of type gift_utility worth 12
2017-04-09T16:28:09.017269,*****************
2017-04-09T16:28:09.017937,Yoanto gifted Exidjy a gift of type gift_utility worth 6
2017-04-09T16:28:09.018013,Yoanto gifted Exidjy a gift of type gift_essential worth 7
2017-04-09T16:28:09.018084,Yoanto gifted Exidjy a gift of type gift_essential worth 9
2017-04-09T16:28:09.018157,Yoanto gifted Exidjy a gift of type gift_utility worth 12
2017-04-09T16:28:09.018248,Yoanto gifted Exidjy a gift of type gift_utility worth 14
2017-04-09T16:28:09.018376,Yoanto gifted Exidjy a gift of type gift_essential worth 14
2017-04-09T16:28:09.018485,*****************
2017-04-09T16:28:09.019140,Ggvqhz gifted Edznwc a gift of type gift_utility worth 6
2017-04-09T16:28:09.019218,Ggvqhz gifted Edznwc a gift of type gift_essential worth 7
2017-04-09T16:28:09.019293,Ggvqhz gifted Edznwc a gift of type gift_essential worth 9
2017-04-09T16:28:09.019367,Ggvqhz gifted Edznwc a gift of type gift_utility worth 12
2017-04-09T16:28:09.019441,Ggvqhz gifted Edznwc a gift of type gift_utility worth 14
2017-04-09T16:28:09.019515,Ggvqhz gifted Edznwc a gift of type gift_essential worth 14
2017-04-09T16:28:09.019587,*****************
2017-04-09T16:28:09.020194,Dxbqjw gifted Efitil a gift of type gift_utility worth 6
2017-04-09T16:28:09.020270,Dxbqjw gifted Efitil a gift of type gift_essential worth 7
2017-04-09T16:28:09.020345,*****************
2017-04-09T16:28:09.021013,Ygredq gifted Cunmws a gift of type gift_utility worth 6
2017-04-09T16:28:09.021093,Ygredq gifted Cunmws a gift of type gift_essential worth 7
2017-04-09T16:28:09.021168,Ygredq gifted Cunmws a gift of type gift_essential worth 9
2017-04-09T16:28:09.021236,*****************
2017-04-09T16:28:09.021905,Scdvgf gifted Xqrfab a gift of type gift_utility worth 6
2017-04-09T16:28:09.021983,Scdvgf gifted Xqrfab a gift of type gift_essential worth 7
2017-04-09T16:28:09.022057,Scdvgf gifted Xqrfab a gift of type gift_essential worth 9
2017-04-09T16:28:09.022131,Scdvgf gifted Xqrfab a gift of type gift_utility worth 12
2017-04-09T16:28:09.022199,*****************
2017-04-09T16:28:09.022812,Pjqzoa gifted Yipguv a gift of type gift_utility worth 6
2017-04-09T16:28:09.022889,Pjqzoa gifted Yipguv a gift of type gift_essential worth 7
2017-04-09T16:28:09.022963,Pjqzoa gifted Yipguv a gift of type gift_essential worth 9
2017-04-09T16:28:09.023036,*****************
2017-04-09T16:28:09.023674,Habxxx gifted Sivseu a gift of type gift_utility worth 20
2017-04-09T16:28:09.023756,Habxxx gifted Sivseu a gift of type gift_essential worth 9
2017-04-09T16:28:09.023827,*****************
2017-04-09T16:28:09.024473,Cyggkx gifted Kxrvea a gift of type gift_utility worth 6
2017-04-09T16:28:09.024555,Cyggkx gifted Kxrvea a gift of type gift_essential worth 7
2017-04-09T16:28:09.024632,Cyggkx gifted Kxrvea a gift of type gift_essential worth 9
2017-04-09T16:28:09.024706,Cyggkx gifted Kxrvea a gift of type gift_utility worth 12
2017-04-09T16:28:09.024787,*****************
2017-04-09T16:28:09.025534,Whegcj gifted Bbkebr a gift of type gift_utility worth 6
2017-04-09T16:28:09.025616,Whegcj gifted Bbkebr a gift of type gift_essential worth 7
2017-04-09T16:28:09.025691,*****************
2017-04-09T16:28:09.026408,Esjdim gifted Fmkgfl a gift of type gift_utility worth 6
2017-04-09T16:28:09.026527,Esjdim gifted Fmkgfl a gift of type gift_essential worth 7
2017-04-09T16:28:09.026638,Esjdim gifted Fmkgfl a gift of type gift_essential worth 9
2017-04-09T16:28:09.026773,*****************
2017-04-09T16:28:09.027736,Jbmvrn gifted Ydzrcm a gift of type gift_utility worth 6
2017-04-09T16:28:09.027834,Jbmvrn gifted Ydzrcm a gift of type gift_essential worth 7
2017-04-09T16:28:09.027935,Jbmvrn gifted Ydzrcm a gift of type gift_essential worth 9
2017-04-09T16:28:09.028031,Jbmvrn gifted Ydzrcm a gift of type gift_utility worth 12
2017-04-09T16:28:09.028106,*****************
2017-04-09T16:28:09.028710,Ozezhk gifted Yvzzll a gift of type gift_utility worth 6
2017-04-09T16:28:09.028788,Ozezhk gifted Yvzzll a gift of type gift_essential worth 7
2017-04-09T16:28:09.028862,Ozezhk gifted Yvzzll a gift of type gift_essential worth 9
2017-04-09T16:28:09.028935,*****************
2017-04-09T16:28:09.029570,*****************
2017-04-09T16:28:09.030175,Azljwl gifted Oagowa a gift of type gift_utility worth 6
2017-04-09T16:28:09.030251,Azljwl gifted Oagowa a gift of type gift_essential worth 7
2017-04-09T16:28:09.030325,Azljwl gifted Oagowa a gift of type gift_essential worth 9
2017-04-09T16:28:09.030437,Azljwl gifted Oagowa a gift of type gift_utility worth 12
2017-04-09T16:28:09.030513,Azljwl gifted Oagowa a gift of type gift_utility worth 14
2017-04-09T16:28:09.030588,Azljwl gifted Oagowa a gift of type gift_essential worth 14
2017-04-09T16:28:09.030660,*****************
2017-04-09T16:28:09.031262,Iqtarl gifted Yqkyzy a gift of type gift_utility worth 6
2017-04-09T16:28:09.031339,Iqtarl gifted Yqkyzy a gift of type gift_essential worth 7
2017-04-09T16:28:09.031413,Iqtarl gifted Yqkyzy a gift of type gift_essential worth 9
2017-04-09T16:28:09.031486,*****************
2017-04-09T16:28:09.032088,Jdbsjy gifted Euljse a gift of type gift_utility worth 12
2017-04-09T16:28:09.032161,*****************
2017-04-09T16:28:09.032800,Wvfyjp gifted Eufnum a gift of type gift_utility worth 6
2017-04-09T16:28:09.032876,Wvfyjp gifted Eufnum a gift of type gift_essential worth 7
2017-04-09T16:28:09.032946,*****************
2017-04-09T16:28:09.033615,Ymbfqr gifted Zjmwjl a gift of type gift_utility worth 20
2017-04-09T16:28:09.033704,Ymbfqr gifted Zjmwjl a gift of type gift_essential worth 17
2017-04-09T16:28:09.033780,Ymbfqr gifted Zjmwjl a gift of type gift_essential worth 15
2017-04-09T16:28:09.033853,Ymbfqr gifted Zjmwjl a gift of type gift_essential worth 15
2017-04-09T16:28:09.033927,Ymbfqr gifted Zjmwjl a gift of type gift_essential worth 14
2017-04-09T16:28:09.033998,*****************
2017-04-09T16:28:09.034588,Ujqrvn gifted Aojbiv a gift of type gift_utility worth 20
2017-04-09T16:28:09.034664,Ujqrvn gifted Aojbiv a gift of type gift_essential worth 17
2017-04-09T16:28:09.034738,Ujqrvn gifted Aojbiv a gift of type gift_essential worth 15
2017-04-09T16:28:09.034811,Ujqrvn gifted Aojbiv a gift of type gift_essential worth 15
2017-04-09T16:28:09.034897,Ujqrvn gifted Aojbiv a gift of type gift_essential worth 14
2017-04-09T16:28:09.034975,Ujqrvn gifted Aojbiv a gift of type gift_essential worth 9
2017-04-09T16:28:09.035045,*****************
2017-04-09T16:28:09.035688,Odhtjr gifted Komkhs a gift of type gift_utility worth 20
2017-04-09T16:28:09.035766,Odhtjr gifted Komkhs a gift of type gift_utility worth 12
2017-04-09T16:28:09.035836,*****************
2017-04-09T16:28:09.036470,Ymepda gifted Vyqawp a gift of type gift_utility worth 6
2017-04-09T16:28:09.036546,Ymepda gifted Vyqawp a gift of type gift_essential worth 7
2017-04-09T16:28:09.036621,Ymepda gifted Vyqawp a gift of type gift_essential worth 9
2017-04-09T16:28:09.036694,Ymepda gifted Vyqawp a gift of type gift_utility worth 12
2017-04-09T16:28:09.036767,Ymepda gifted Vyqawp a gift of type gift_utility worth 14
2017-04-09T16:28:09.036840,Ymepda gifted Vyqawp a gift of type gift_essential worth 14
2017-04-09T16:28:09.036915,Ymepda gifted Vyqawp a gift of type gift_essential worth 15
2017-04-09T16:28:09.036986,*****************
2017-04-09T16:28:09.038223,Nnlmlo gifted Gibpck a gift of type gift_utility worth 6
2017-04-09T16:28:09.038315,*****************
2017-04-09T16:28:09.040045,Ywmsvg gifted Ugifmn a gift of type gift_utility worth 6
2017-04-09T16:28:09.040229,*****************
2017-04-09T16:28:09.040948,Bxqraa gifted Pcgkug a gift of type gift_utility worth 6
2017-04-09T16:28:09.041081,Bxqraa gifted Pcgkug a gift of type gift_essential worth 7
2017-04-09T16:28:09.041163,*****************
2017-04-09T16:28:09.041859,Azgfeg gifted Xendfr a gift of type gift_utility worth 6
2017-04-09T16:28:09.041955,Azgfeg gifted Xendfr a gift of type gift_essential worth 7
2017-04-09T16:28:09.042032,Azgfeg gifted Xendfr a gift of type gift_essential worth 9
2017-04-09T16:28:09.042102,*****************
